label,line
bar,1
foo,2
foo,3
foo,4
foo,5
foo,6
foo,7
foo,8
foo,9
foo,10
foo,11
foo,12
foo,13
foo,14
foo,15
foo,16
foo,17
foo,18
foo,19
foo,20
foo,21
foo,22
foo,23
foo,24
foo,25
foo,26
foo,27
foo,28
foo,29
foo,30
foo,31
foo,32
foo,33
foo,34
foo,35
foo,36
foo,37
foo,38
foo,39
foo,40
foo,41
foo,42
foo,43
foo,44
foo,45
foo,46
foo,47
foo,48
foo,49
foo,50
foo,51
foo,52
foo,53
foo,54
foo,55
foo,56
foo,57
foo,58
foo,59
foo,60
foo,61
foo,62
foo,63
foo,64
foo,65
foo,66
foo,67
foo,68
foo,69
foo,70
foo,71
foo,72
foo,73
foo,74
foo,75
foo,76
foo,77
foo,78
foo,79
foo,80
foo,81
foo,82
foo,83
foo,84
foo,85
foo,86
foo,87
foo,88
foo,89
foo,90
foo,91
foo,92
foo,93
foo,94
foo,95
foo,96
foo,97
foo,98
foo,99
foo,100
foo,101
foo,102
foo,103
foo,104
foo,105
foo,106
foo,107
foo,108
foo,109
foo,110
foo,111
foo,112
foo,113
foo,114
foo,115
foo,116
foo,117
foo,118
foo,119
foo,120
foo,121
foo,122
foo,123
foo,124
foo,125
foo,126
foo,127
foo,128
foo,129
foo,130
foo,131
foo,132
foo,133
foo,134
foo,135
foo,136
foo,137
foo,138
foo,139
foo,140
foo,141
foo,142
foo,143
foo,144
foo,145
foo,146
foo,147
foo,148
foo,149
foo,150
foo,151
foo,152
foo,153
foo,154
foo,155
foo,156
foo,157
foo,158
foo,159
foo,160
foo,161
foo,162
foo,163
foo,164
foo,165
foo,166
foo,167
foo,168
foo,169
foo,170
foo,171
foo,172
foo,173
foo,174
foo,175
foo,176
foo,177
foo,178
foo,179
foo,180
foo,181
foo,182
foo,183
foo,184
foo,185
foo,186
foo,187
foo,188
foo,189
foo,190
foo,191
foo,192
foo,193
foo,194
foo,195
foo,196
foo,197
foo,198
foo,199
foo,200
foo,201
foo,202
foo,203
foo,204
foo,205
foo,206
foo,207
foo,208
foo,209
foo,210
foo,211
foo,212
foo,213
foo,214
foo,215
foo,216
foo,217
foo,218
foo,219
foo,220
foo,221
foo,222
foo,223
foo,224
foo,225
foo,226
foo,227
foo,228
foo,229
foo,230
foo,231
foo,232
foo,233
foo,234
foo,235
foo,236
foo,237
foo,238
foo,239
foo,240
foo,241
foo,242
foo,243
foo,244
foo,245
foo,246
foo,247
foo,248
foo,249
foo,250
foo,251
foo,252
foo,253
foo,254
foo,255
foo,256
foo,257
foo,258
foo,259
foo,260
foo,261
foo,262
foo,263
foo,264
foo,265
foo,266
foo,267
foo,268
foo,269
foo,270
foo,271
foo,272
foo,273
foo,274
foo,275
foo,276
foo,277
foo,278
foo,279
foo,280
foo,281
foo,282
foo,283
foo,284
foo,285
foo,286
foo,287
foo,288
foo,289
foo,290
foo,291
foo,292
foo,293
foo,294
foo,295
foo,296
foo,297
foo,298
foo,299
foo,300
foo,301
foo,302
foo,303
foo,304
foo,305
foo,306
foo,307
foo,308
foo,309
foo,310
foo,311
foo,312
foo,313
foo,314
foo,315
foo,316
foo,317
foo,318
foo,319
foo,320
foo,321
foo,322
foo,323
foo,324
foo,325
foo,326
foo,327
foo,328
foo,329
foo,330
foo,331
foo,332
foo,333
foo,334
foo,335
foo,336
foo,337
foo,338
foo,339
foo,340
foo,341
foo,342
foo,343
foo,344
foo,345
foo,346
foo,347
foo,348
foo,349
foo,350
foo,351
foo,352
foo,353
foo,354
foo,355
foo,356
foo,357
foo,358
foo,359
foo,360
foo,361
foo,362
foo,363
foo,364
foo,365
foo,366
foo,367
foo,368
foo,369
foo,370
foo,371
foo,372
foo,373
foo,374
foo,375
foo,376
foo,377
foo,378
foo,379
foo,380
foo,381
foo,382
foo,383
foo,384
foo,385
foo,386
foo,387
foo,388
foo,389
foo,390
foo,391
foo,392
foo,393
foo,394
foo,395
foo,396
foo,397
foo,398
foo,399
foo,400
foo,401
foo,402
foo,403
foo,404
foo,405
foo,406
foo,407
foo,408
foo,409
foo,410
foo,411
foo,412
foo,413
foo,414
foo,415
foo,416
foo,417
foo,418
foo,419
foo,420
foo,421
foo,422
foo,423
foo,424
foo,425
foo,426
foo,427
foo,428
foo,429
foo,430
foo,431
foo,432
foo,433
foo,434
foo,435
foo,436
foo,437
foo,438
foo,439
foo,440
foo,441
foo,442
foo,443
foo,444
foo,445
foo,446
foo,447
foo,448
foo,449
foo,450
foo,451
foo,452
foo,453
foo,454
foo,455
foo,456
foo,457
foo,458
foo,459
foo,460
foo,461
foo,462
foo,463
foo,464
foo,465
foo,466
foo,467
foo,468
foo,469
foo,470
foo,471
foo,472
foo,473
foo,474
foo,475
foo,476
foo,477
foo,478
foo,479
foo,480
foo,481
foo,482
foo,483
foo,484
foo,485
foo,486
foo,487
foo,488
foo,489
foo,490
foo,491
foo,492
foo,493
foo,494
foo,495
foo,496
foo,497
foo,498
foo,499
foo,500
foo,501
foo,502
foo,503
foo,504
foo,505
foo,506
foo,507
foo,508
foo,509
foo,510
foo,511
foo,512
foo,513
foo,514
foo,515
foo,516
foo,517
foo,518
foo,519
foo,520
foo,521
foo,522
foo,523
foo,524
foo,525
foo,526
foo,527
foo,528
foo,529
foo,530
foo,531
foo,532
foo,533
foo,534
foo,535
foo,536
foo,537
foo,538
foo,539
foo,540
foo,541
foo,542
foo,543
foo,544
foo,545
foo,546
foo,547
foo,548
foo,549
foo,550
foo,551
foo,552
foo,553
foo,554
foo,555
foo,556
foo,557
foo,558
foo,559
foo,560
foo,561
foo,562
foo,563
foo,564
foo,565
foo,566
foo,567
foo,568
foo,569
foo,570
foo,571
foo,572
foo,573
foo,574
foo,575
foo,576
foo,577
foo,578
foo,579
foo,580
foo,581
foo,582
foo,583
foo,584
foo,585
foo,586
foo,587
foo,588
foo,589
foo,590
foo,591
foo,592
foo,593
foo,594
foo,595
foo,596
foo,597
foo,598
foo,599
foo,600
foo,601
foo,602
foo,603
foo,604
foo,605
foo,606
foo,607
foo,608
foo,609
foo,610
foo,611
foo,612
foo,613
foo,614
foo,615
foo,616
foo,617
foo,618
foo,619
foo,620
foo,621
foo,622
foo,623
foo,624
foo,625
foo,626
foo,627
foo,628
foo,629
foo,630
foo,631
foo,632
foo,633
foo,634
foo,635
foo,636
foo,637
foo,638
foo,639
foo,640
foo,641
foo,642
foo,643
foo,644
foo,645
foo,646
foo,647
foo,648
foo,649
foo,650
foo,651
foo,652
foo,653
foo,654
foo,655
foo,656
foo,657
foo,658
foo,659
foo,660
foo,661
foo,662
foo,663
foo,664
foo,665
foo,666
foo,667
foo,668
foo,669
foo,670
foo,671
foo,672
foo,673
foo,674
foo,675
foo,676
foo,677
foo,678
foo,679
foo,680
foo,681
foo,682
foo,683
foo,684
foo,685
foo,686
foo,687
foo,688
foo,689
foo,690
foo,691
foo,692
foo,693
foo,694
foo,695
foo,696
foo,697
foo,698
foo,699
foo,700
foo,701
foo,702
foo,703
foo,704
foo,705
foo,706
foo,707
foo,708
foo,709
foo,710
foo,711
foo,712
foo,713
foo,714
foo,715
foo,716
foo,717
foo,718
foo,719
foo,720
foo,721
foo,722
foo,723
foo,724
foo,725
foo,726
foo,727
foo,728
foo,729
foo,730
foo,731
foo,732
foo,733
foo,734
foo,735
foo,736
foo,737
foo,738
foo,739
foo,740
foo,741
foo,742
foo,743
foo,744
foo,745
foo,746
foo,747
foo,748
foo,749
foo,750
foo,751
foo,752
foo,753
foo,754
foo,755
foo,756
foo,757
foo,758
foo,759
foo,760
foo,761
foo,762
foo,763
foo,764
foo,765
foo,766
foo,767
foo,768
foo,769
foo,770
foo,771
foo,772
foo,773
foo,774
foo,775
foo,776
foo,777
foo,778
foo,779
foo,780
foo,781
foo,782
foo,783
foo,784
foo,785
foo,786
foo,787
foo,788
foo,789
foo,790
foo,791
foo,792
foo,793
foo,794
foo,795
foo,796
foo,797
foo,798
foo,799
foo,800
foo,801
foo,802
foo,803
foo,804
foo,805
foo,806
foo,807
foo,808
foo,809
foo,810
foo,811
foo,812
foo,813
foo,814
foo,815
foo,816
foo,817
foo,818
foo,819
foo,820
foo,821
foo,822
foo,823
foo,824
foo,825
foo,826
foo,827
foo,828
foo,829
foo,830
foo,831
foo,832
foo,833
foo,834
foo,835
foo,836
foo,837
foo,838
foo,839
foo,840
foo,841
foo,842
foo,843
foo,844
foo,845
foo,846
foo,847
foo,848
foo,849
foo,850
foo,851
foo,852
foo,853
foo,854
foo,855
foo,856
foo,857
foo,858
foo,859
foo,860
foo,861
foo,862
foo,863
foo,864
foo,865
foo,866
foo,867
foo,868
foo,869
foo,870
foo,871
foo,872
foo,873
foo,874
foo,875
foo,876
foo,877
foo,878
foo,879
foo,880
foo,881
foo,882
foo,883
foo,884
foo,885
foo,886
foo,887
foo,888
foo,889
foo,890
foo,891
foo,892
foo,893
foo,894
foo,895
foo,896
foo,897
foo,898
foo,899
foo,900
foo,901
foo,902
foo,903
foo,904
foo,905
foo,906
foo,907
foo,908
foo,909
foo,910
foo,911
foo,912
foo,913
foo,914
foo,915
foo,916
foo,917
foo,918
foo,919
foo,920
foo,921
foo,922
foo,923
foo,924
foo,925
foo,926
foo,927
foo,928
foo,929
foo,930
foo,931
foo,932
foo,933
foo,934
foo,935
foo,936
foo,937
foo,938
foo,939
foo,940
foo,941
foo,942
foo,943
foo,944
foo,945
foo,946
foo,947
foo,948
foo,949
foo,950
foo,951
foo,952
foo,953
foo,954
foo,955
foo,956
foo,957
foo,958
foo,959
foo,960
foo,961
foo,962
foo,963
foo,964
foo,965
foo,966
foo,967
foo,968
foo,969
foo,970
foo,971
foo,972
foo,973
foo,974
foo,975
foo,976
foo,977
foo,978
foo,979
foo,980
foo,981
foo,982
foo,983
foo,984
foo,985
foo,986
foo,987
foo,988
foo,989
foo,990
foo,991
foo,992
foo,993
foo,994
foo,995
foo,996
foo,997
foo,998
foo,999
foo,1000
foo,1001
foo,1002
foo,1003
foo,1004
foo,1005
foo,1006
foo,1007
foo,1008
foo,1009
foo,1010
foo,1011
foo,1012
foo,1013
foo,1014
foo,1015
foo,1016
foo,1017
foo,1018
foo,1019
foo,1020
foo,1021
foo,1022
foo,1023
foo,1024
foo,1025
foo,1026
foo,1027
foo,1028
foo,1029
foo,1030
foo,1031
foo,1032
foo,1033
foo,1034
foo,1035
foo,1036
foo,1037
foo,1038
foo,1039
foo,1040
foo,1041
foo,1042
foo,1043
foo,1044
foo,1045
foo,1046
foo,1047
foo,1048
foo,1049
foo,1050
foo,1051
foo,1052
foo,1053
foo,1054
foo,1055
foo,1056
foo,1057
foo,1058
foo,1059
foo,1060
foo,1061
foo,1062
foo,1063
foo,1064
foo,1065
foo,1066
foo,1067
foo,1068
foo,1069
foo,1070
foo,1071
foo,1072
foo,1073
foo,1074
foo,1075
foo,1076
foo,1077
foo,1078
foo,1079
foo,1080
foo,1081
foo,1082
foo,1083
foo,1084
foo,1085
foo,1086
foo,1087
foo,1088
foo,1089
foo,1090
foo,1091
foo,1092
foo,1093
foo,1094
foo,1095
foo,1096
foo,1097
foo,1098
foo,1099
foo,1100
foo,1101
foo,1102
foo,1103
foo,1104
foo,1105
foo,1106
foo,1107
foo,1108
foo,1109
foo,1110
foo,1111
foo,1112
foo,1113
foo,1114
foo,1115
foo,1116
foo,1117
foo,1118
foo,1119
foo,1120
foo,1121
foo,1122
foo,1123
foo,1124
foo,1125
foo,1126
foo,1127
foo,1128
foo,1129
foo,1130
foo,1131
foo,1132
foo,1133
foo,1134
foo,1135
foo,1136
foo,1137
foo,1138
foo,1139
foo,1140
foo,1141
foo,1142
foo,1143
foo,1144
foo,1145
foo,1146
foo,1147
foo,1148
foo,1149
foo,1150
foo,1151
foo,1152
foo,1153
foo,1154
foo,1155
foo,1156
foo,1157
foo,1158
foo,1159
foo,1160
foo,1161
foo,1162
foo,1163
foo,1164
foo,1165
foo,1166
foo,1167
foo,1168
foo,1169
foo,1170
foo,1171
foo,1172
foo,1173
foo,1174
foo,1175
foo,1176
foo,1177
foo,1178
foo,1179
foo,1180
foo,1181
foo,1182
foo,1183
foo,1184
foo,1185
foo,1186
foo,1187
foo,1188
foo,1189
foo,1190
foo,1191
foo,1192
foo,1193
foo,1194
foo,1195
foo,1196
foo,1197
foo,1198
foo,1199
foo,1200
foo,1201
foo,1202
foo,1203
foo,1204
foo,1205
foo,1206
foo,1207
foo,1208
foo,1209
foo,1210
foo,1211
foo,1212
foo,1213
foo,1214
foo,1215
foo,1216
foo,1217
foo,1218
foo,1219
foo,1220
foo,1221
foo,1222
foo,1223
foo,1224
foo,1225
foo,1226
foo,1227
foo,1228
foo,1229
foo,1230
foo,1231
foo,1232
foo,1233
foo,1234
foo,1235
foo,1236
foo,1237
foo,1238
foo,1239
foo,1240
foo,1241
foo,1242
foo,1243
foo,1244
foo,1245
foo,1246
foo,1247
foo,1248
foo,1249
foo,1250
foo,1251
foo,1252
foo,1253
foo,1254
foo,1255
foo,1256
foo,1257
foo,1258
foo,1259
foo,1260
foo,1261
foo,1262
foo,1263
foo,1264
foo,1265
foo,1266
foo,1267
foo,1268
foo,1269
foo,1270
foo,1271
foo,1272
foo,1273
foo,1274
foo,1275
foo,1276
foo,1277
foo,1278
foo,1279
foo,1280
foo,1281
foo,1282
foo,1283
foo,1284
foo,1285
foo,1286
foo,1287
foo,1288
foo,1289
foo,1290
foo,1291
foo,1292
foo,1293
foo,1294
foo,1295
foo,1296
foo,1297
foo,1298
foo,1299
foo,1300
foo,1301
foo,1302
foo,1303
foo,1304
foo,1305
foo,1306
foo,1307
foo,1308
foo,1309
foo,1310
foo,1311
foo,1312
foo,1313
foo,1314
foo,1315
foo,1316
foo,1317
foo,1318
foo,1319
foo,1320
foo,1321
foo,1322
foo,1323
foo,1324
foo,1325
foo,1326
foo,1327
foo,1328
foo,1329
foo,1330
foo,1331
foo,1332
foo,1333
foo,1334
foo,1335
foo,1336
foo,1337
foo,1338
foo,1339
foo,1340
foo,1341
foo,1342
foo,1343
foo,1344
foo,1345
foo,1346
foo,1347
foo,1348
foo,1349
foo,1350
foo,1351
foo,1352
foo,1353
foo,1354
foo,1355
foo,1356
foo,1357
foo,1358
foo,1359
foo,1360
foo,1361
foo,1362
foo,1363
foo,1364
foo,1365
foo,1366
foo,1367
foo,1368
foo,1369
foo,1370
foo,1371
foo,1372
foo,1373
foo,1374
foo,1375
foo,1376
foo,1377
foo,1378
foo,1379
foo,1380
foo,1381
foo,1382
foo,1383
foo,1384
foo,1385
foo,1386
foo,1387
foo,1388
foo,1389
foo,1390
foo,1391
foo,1392
foo,1393
foo,1394
foo,1395
foo,1396
foo,1397
foo,1398
foo,1399
foo,1400
foo,1401
foo,1402
foo,1403
foo,1404
foo,1405
foo,1406
foo,1407
foo,1408
foo,1409
foo,1410
foo,1411
foo,1412
foo,1413
foo,1414
foo,1415
foo,1416
foo,1417
foo,1418
foo,1419
foo,1420
foo,1421
foo,1422
foo,1423
foo,1424
foo,1425
foo,1426
foo,1427
foo,1428
foo,1429
foo,1430
foo,1431
foo,1432
foo,1433
foo,1434
foo,1435
foo,1436
foo,1437
foo,1438
foo,1439
foo,1440
foo,1441
foo,1442
foo,1443
foo,1444
foo,1445
foo,1446
foo,1447
foo,1448
foo,1449
foo,1450
foo,1451
foo,1452
foo,1453
foo,1454
foo,1455
foo,1456
foo,1457
foo,1458
foo,1459
foo,1460
foo,1461
foo,1462
foo,1463
foo,1464
foo,1465
foo,1466
foo,1467
foo,1468
foo,1469
foo,1470
foo,1471
foo,1472
foo,1473
foo,1474
foo,1475
foo,1476
foo,1477
foo,1478
foo,1479
foo,1480
foo,1481
foo,1482
foo,1483
foo,1484
foo,1485
foo,1486
foo,1487
foo,1488
foo,1489
foo,1490
foo,1491
foo,1492
foo,1493
foo,1494
foo,1495
foo,1496
foo,1497
foo,1498
foo,1499
foo,1500
foo,1501
foo,1502
foo,1503
foo,1504
foo,1505
foo,1506
foo,1507
foo,1508
foo,1509
foo,1510
foo,1511
foo,1512
foo,1513
foo,1514
foo,1515
foo,1516
foo,1517
foo,1518
foo,1519
foo,1520
foo,1521
foo,1522
foo,1523
foo,1524
foo,1525
foo,1526
foo,1527
foo,1528
foo,1529
foo,1530
foo,1531
foo,1532
foo,1533
foo,1534
foo,1535
foo,1536
foo,1537
foo,1538
foo,1539
foo,1540
foo,1541
foo,1542
foo,1543
foo,1544
foo,1545
foo,1546
foo,1547
foo,1548
foo,1549
foo,1550
foo,1551
foo,1552
foo,1553
foo,1554
foo,1555
foo,1556
foo,1557
foo,1558
foo,1559
foo,1560
foo,1561
foo,1562
foo,1563
foo,1564
foo,1565
foo,1566
foo,1567
foo,1568
foo,1569
foo,1570
foo,1571
foo,1572
foo,1573
foo,1574
foo,1575
foo,1576
foo,1577
foo,1578
foo,1579
foo,1580
foo,1581
foo,1582
foo,1583
foo,1584
foo,1585
foo,1586
foo,1587
foo,1588
foo,1589
foo,1590
foo,1591
foo,1592
foo,1593
foo,1594
foo,1595
foo,1596
foo,1597
foo,1598
foo,1599
foo,1600
foo,1601
foo,1602
foo,1603
foo,1604
foo,1605
foo,1606
foo,1607
foo,1608
foo,1609
foo,1610
foo,1611
foo,1612
foo,1613
foo,1614
foo,1615
foo,1616
foo,1617
foo,1618
foo,1619
foo,1620
foo,1621
foo,1622
foo,1623
foo,1624
foo,1625
foo,1626
foo,1627
foo,1628
foo,1629
foo,1630
foo,1631
foo,1632
foo,1633
foo,1634
foo,1635
foo,1636
foo,1637
foo,1638
foo,1639
foo,1640
foo,1641
foo,1642
foo,1643
foo,1644
foo,1645
foo,1646
foo,1647
foo,1648
foo,1649
foo,1650
foo,1651
foo,1652
foo,1653
foo,1654
foo,1655
foo,1656
foo,1657
foo,1658
foo,1659
foo,1660
foo,1661
foo,1662
foo,1663
foo,1664
foo,1665
foo,1666
foo,1667
foo,1668
foo,1669
foo,1670
foo,1671
foo,1672
foo,1673
foo,1674
foo,1675
foo,1676
foo,1677
foo,1678
foo,1679
foo,1680
foo,1681
foo,1682
foo,1683
foo,1684
foo,1685
foo,1686
foo,1687
foo,1688
foo,1689
foo,1690
foo,1691
foo,1692
foo,1693
foo,1694
foo,1695
foo,1696
foo,1697
foo,1698
foo,1699
foo,1700
foo,1701
foo,1702
foo,1703
foo,1704
foo,1705
foo,1706
foo,1707
foo,1708
foo,1709
foo,1710
foo,1711
foo,1712
foo,1713
foo,1714
foo,1715
foo,1716
foo,1717
foo,1718
foo,1719
foo,1720
foo,1721
foo,1722
foo,1723
foo,1724
foo,1725
foo,1726
foo,1727
foo,1728
foo,1729
foo,1730
foo,1731
foo,1732
foo,1733
foo,1734
foo,1735
foo,1736
foo,1737
foo,1738
foo,1739
foo,1740
foo,1741
foo,1742
foo,1743
foo,1744
foo,1745
foo,1746
foo,1747
foo,1748
foo,1749
foo,1750
foo,1751
foo,1752
foo,1753
foo,1754
foo,1755
foo,1756
foo,1757
foo,1758
foo,1759
foo,1760
foo,1761
foo,1762
foo,1763
foo,1764
foo,1765
foo,1766
foo,1767
foo,1768
foo,1769
foo,1770
foo,1771
foo,1772
foo,1773
foo,1774
foo,1775
foo,1776
foo,1777
foo,1778
foo,1779
foo,1780
foo,1781
foo,1782
foo,1783
foo,1784
foo,1785
foo,1786
foo,1787
foo,1788
foo,1789
foo,1790
foo,1791
foo,1792
foo,1793
foo,1794
foo,1795
foo,1796
foo,1797
foo,1798
foo,1799
foo,1800
foo,1801
foo,1802
foo,1803
foo,1804
foo,1805
foo,1806
foo,1807
foo,1808
foo,1809
foo,1810
foo,1811
foo,1812
foo,1813
foo,1814
foo,1815
foo,1816
foo,1817
foo,1818
foo,1819
foo,1820
foo,1821
foo,1822
foo,1823
foo,1824
foo,1825
foo,1826
foo,1827
foo,1828
foo,1829
foo,1830
foo,1831
foo,1832
foo,1833
foo,1834
foo,1835
foo,1836
foo,1837
foo,1838
foo,1839
foo,1840
foo,1841
foo,1842
foo,1843
foo,1844
foo,1845
foo,1846
foo,1847
foo,1848
foo,1849
foo,1850
foo,1851
foo,1852
foo,1853
foo,1854
foo,1855
foo,1856
foo,1857
foo,1858
foo,1859
foo,1860
foo,1861
foo,1862
foo,1863
foo,1864
foo,1865
foo,1866
foo,1867
foo,1868
foo,1869
foo,1870
foo,1871
foo,1872
foo,1873
foo,1874
foo,1875
foo,1876
foo,1877
foo,1878
foo,1879
foo,1880
foo,1881
foo,1882
foo,1883
foo,1884
foo,1885
foo,1886
foo,1887
foo,1888
foo,1889
foo,1890
foo,1891
foo,1892
foo,1893
foo,1894
foo,1895
foo,1896
foo,1897
foo,1898
foo,1899
foo,1900
foo,1901
foo,1902
foo,1903
foo,1904
foo,1905
foo,1906
foo,1907
foo,1908
foo,1909
foo,1910
foo,1911
foo,1912
foo,1913
foo,1914
foo,1915
foo,1916
foo,1917
foo,1918
foo,1919
foo,1920
foo,1921
foo,1922
foo,1923
foo,1924
foo,1925
foo,1926
foo,1927
foo,1928
foo,1929
foo,1930
foo,1931
foo,1932
foo,1933
foo,1934
foo,1935
foo,1936
foo,1937
foo,1938
foo,1939
foo,1940
foo,1941
foo,1942
foo,1943
foo,1944
foo,1945
foo,1946
foo,1947
foo,1948
foo,1949
foo,1950
foo,1951
foo,1952
foo,1953
foo,1954
foo,1955
foo,1956
foo,1957
foo,1958
foo,1959
foo,1960
foo,1961
foo,1962
foo,1963
foo,1964
foo,1965
foo,1966
foo,1967
foo,1968
foo,1969
foo,1970
foo,1971
foo,1972
foo,1973
foo,1974
foo,1975
foo,1976
foo,1977
foo,1978
foo,1979
foo,1980
foo,1981
foo,1982
foo,1983
foo,1984
foo,1985
foo,1986
foo,1987
foo,1988
foo,1989
foo,1990
foo,1991
foo,1992
foo,1993
foo,1994
foo,1995
foo,1996
foo,1997
foo,1998
foo,1999
foo,2000
foo,2001
foo,2002
foo,2003
foo,2004
foo,2005
foo,2006
foo,2007
foo,2008
foo,2009
foo,2010
foo,2011
foo,2012
foo,2013
foo,2014
foo,2015
foo,2016
foo,2017
foo,2018
foo,2019
foo,2020
foo,2021
foo,2022
foo,2023
foo,2024
foo,2025
foo,2026
foo,2027
foo,2028
foo,2029
foo,2030
foo,2031
foo,2032
foo,2033
foo,2034
foo,2035
foo,2036
foo,2037
foo,2038
foo,2039
foo,2040
foo,2041
foo,2042
foo,2043
foo,2044
foo,2045
foo,2046
foo,2047
foo,2048
foo,2049
foo,2050
foo,2051
foo,2052
foo,2053
foo,2054
foo,2055
foo,2056
foo,2057
foo,2058
foo,2059
foo,2060
foo,2061
foo,2062
foo,2063
foo,2064
foo,2065
foo,2066
foo,2067
foo,2068
foo,2069
foo,2070
foo,2071
foo,2072
foo,2073
foo,2074
foo,2075
foo,2076
foo,2077
foo,2078
foo,2079
foo,2080
foo,2081
foo,2082
foo,2083
foo,2084
foo,2085
foo,2086
foo,2087
foo,2088
foo,2089
foo,2090
foo,2091
foo,2092
foo,2093
foo,2094
foo,2095
foo,2096
foo,2097
foo,2098
foo,2099
foo,2100
foo,2101
foo,2102
foo,2103
foo,2104
foo,2105
foo,2106
foo,2107
foo,2108
foo,2109
foo,2110
foo,2111
foo,2112
foo,2113
foo,2114
foo,2115
foo,2116
foo,2117
foo,2118
foo,2119
foo,2120
foo,2121
foo,2122
foo,2123
foo,2124
foo,2125
foo,2126
foo,2127
foo,2128
foo,2129
foo,2130
foo,2131
foo,2132
foo,2133
foo,2134
foo,2135
foo,2136
foo,2137
foo,2138
foo,2139
foo,2140
foo,2141
foo,2142
foo,2143
foo,2144
foo,2145
foo,2146
foo,2147
foo,2148
foo,2149
foo,2150
foo,2151
foo,2152
foo,2153
foo,2154
foo,2155
foo,2156
foo,2157
foo,2158
foo,2159
foo,2160
foo,2161
foo,2162
foo,2163
foo,2164
foo,2165
foo,2166
foo,2167
foo,2168
foo,2169
foo,2170
foo,2171
foo,2172
foo,2173
foo,2174
foo,2175
foo,2176
foo,2177
foo,2178
foo,2179
foo,2180
foo,2181
foo,2182
foo,2183
foo,2184
foo,2185
foo,2186
foo,2187
foo,2188
foo,2189
foo,2190
foo,2191
foo,2192
foo,2193
foo,2194
foo,2195
foo,2196
foo,2197
foo,2198
foo,2199
foo,2200
foo,2201
foo,2202
foo,2203
foo,2204
foo,2205
foo,2206
foo,2207
foo,2208
foo,2209
foo,2210
foo,2211
foo,2212
foo,2213
foo,2214
foo,2215
foo,2216
foo,2217
foo,2218
foo,2219
foo,2220
foo,2221
foo,2222
foo,2223
foo,2224
foo,2225
foo,2226
foo,2227
foo,2228
foo,2229
foo,2230
foo,2231
foo,2232
foo,2233
foo,2234
foo,2235
foo,2236
foo,2237
foo,2238
foo,2239
foo,2240
foo,2241
foo,2242
foo,2243
foo,2244
foo,2245
foo,2246
foo,2247
foo,2248
foo,2249
foo,2250
foo,2251
foo,2252
foo,2253
foo,2254
foo,2255
foo,2256
foo,2257
foo,2258
foo,2259
foo,2260
foo,2261
foo,2262
foo,2263
foo,2264
foo,2265
foo,2266
foo,2267
foo,2268
foo,2269
foo,2270
foo,2271
foo,2272
foo,2273
foo,2274
foo,2275
foo,2276
foo,2277
foo,2278
foo,2279
foo,2280
foo,2281
foo,2282
foo,2283
foo,2284
foo,2285
foo,2286
foo,2287
foo,2288
foo,2289
foo,2290
foo,2291
foo,2292
foo,2293
foo,2294
foo,2295
foo,2296
foo,2297
foo,2298
foo,2299
foo,2300
foo,2301
foo,2302
foo,2303
foo,2304
foo,2305
foo,2306
foo,2307
foo,2308
foo,2309
foo,2310
foo,2311
foo,2312
foo,2313
foo,2314
foo,2315
foo,2316
foo,2317
foo,2318
foo,2319
foo,2320
foo,2321
foo,2322
foo,2323
foo,2324
foo,2325
foo,2326
foo,2327
foo,2328
foo,2329
foo,2330
foo,2331
foo,2332
foo,2333
foo,2334
foo,2335
foo,2336
foo,2337
foo,2338
foo,2339
foo,2340
foo,2341
foo,2342
foo,2343
foo,2344
foo,2345
foo,2346
foo,2347
foo,2348
foo,2349
foo,2350
foo,2351
foo,2352
foo,2353
foo,2354
foo,2355
foo,2356
foo,2357
foo,2358
foo,2359
foo,2360
foo,2361
foo,2362
foo,2363
foo,2364
foo,2365
foo,2366
foo,2367
foo,2368
foo,2369
foo,2370
foo,2371
foo,2372
foo,2373
foo,2374
foo,2375
foo,2376
foo,2377
foo,2378
foo,2379
foo,2380
foo,2381
foo,2382
foo,2383
foo,2384
foo,2385
foo,2386
foo,2387
foo,2388
foo,2389
foo,2390
foo,2391
foo,2392
foo,2393
foo,2394
foo,2395
foo,2396
foo,2397
foo,2398
foo,2399
foo,2400
foo,2401
foo,2402
foo,2403
foo,2404
foo,2405
foo,2406
foo,2407
foo,2408
foo,2409
foo,2410
foo,2411
foo,2412
foo,2413
foo,2414
foo,2415
foo,2416
foo,2417
foo,2418
foo,2419
foo,2420
foo,2421
foo,2422
foo,2423
foo,2424
foo,2425
foo,2426
foo,2427
foo,2428
foo,2429
foo,2430
foo,2431
foo,2432
foo,2433
foo,2434
foo,2435
foo,2436
foo,2437
foo,2438
foo,2439
foo,2440
foo,2441
foo,2442
foo,2443
foo,2444
foo,2445
foo,2446
foo,2447
foo,2448
foo,2449
foo,2450
foo,2451
foo,2452
foo,2453
foo,2454
foo,2455
foo,2456
foo,2457
foo,2458
foo,2459
foo,2460
foo,2461
foo,2462
foo,2463
foo,2464
foo,2465
foo,2466
foo,2467
foo,2468
foo,2469
foo,2470
foo,2471
foo,2472
foo,2473
foo,2474
foo,2475
foo,2476
foo,2477
foo,2478
foo,2479
foo,2480
foo,2481
foo,2482
foo,2483
foo,2484
foo,2485
foo,2486
foo,2487
foo,2488
foo,2489
foo,2490
foo,2491
foo,2492
foo,2493
foo,2494
foo,2495
foo,2496
foo,2497
foo,2498
foo,2499
foo,2500
foo,2501
foo,2502
foo,2503
foo,2504
foo,2505
foo,2506
foo,2507
foo,2508
foo,2509
foo,2510
foo,2511
foo,2512
foo,2513
foo,2514
foo,2515
foo,2516
foo,2517
foo,2518
foo,2519
foo,2520
foo,2521
foo,2522
foo,2523
foo,2524
foo,2525
foo,2526
foo,2527
foo,2528
foo,2529
foo,2530
foo,2531
foo,2532
foo,2533
foo,2534
foo,2535
foo,2536
foo,2537
foo,2538
foo,2539
foo,2540
foo,2541
foo,2542
foo,2543
foo,2544
foo,2545
foo,2546
foo,2547
foo,2548
foo,2549
foo,2550
foo,2551
foo,2552
foo,2553
foo,2554
foo,2555
foo,2556
foo,2557
foo,2558
foo,2559
foo,2560
foo,2561
foo,2562
foo,2563
foo,2564
foo,2565
foo,2566
foo,2567
foo,2568
foo,2569
foo,2570
foo,2571
foo,2572
foo,2573
foo,2574
foo,2575
foo,2576
foo,2577
foo,2578
foo,2579
foo,2580
foo,2581
foo,2582
foo,2583
foo,2584
foo,2585
foo,2586
foo,2587
foo,2588
foo,2589
foo,2590
foo,2591
foo,2592
foo,2593
foo,2594
foo,2595
foo,2596
foo,2597
foo,2598
foo,2599
foo,2600
foo,2601
foo,2602
foo,2603
foo,2604
foo,2605
foo,2606
foo,2607
foo,2608
foo,2609
foo,2610
foo,2611
foo,2612
foo,2613
foo,2614
foo,2615
foo,2616
foo,2617
foo,2618
foo,2619
foo,2620
foo,2621
foo,2622
foo,2623
foo,2624
foo,2625
foo,2626
foo,2627
foo,2628
foo,2629
foo,2630
foo,2631
foo,2632
foo,2633
foo,2634
foo,2635
foo,2636
foo,2637
foo,2638
foo,2639
foo,2640
foo,2641
foo,2642
foo,2643
foo,2644
foo,2645
foo,2646
foo,2647
foo,2648
foo,2649
foo,2650
foo,2651
foo,2652
foo,2653
foo,2654
foo,2655
foo,2656
foo,2657
foo,2658
foo,2659
foo,2660
foo,2661
foo,2662
foo,2663
foo,2664
foo,2665
foo,2666
foo,2667
foo,2668
foo,2669
foo,2670
foo,2671
foo,2672
foo,2673
foo,2674
foo,2675
foo,2676
foo,2677
foo,2678
foo,2679
foo,2680
foo,2681
foo,2682
foo,2683
foo,2684
foo,2685
foo,2686
foo,2687
foo,2688
foo,2689
foo,2690
foo,2691
foo,2692
foo,2693
foo,2694
foo,2695
foo,2696
foo,2697
foo,2698
foo,2699
foo,2700
foo,2701
foo,2702
foo,2703
foo,2704
foo,2705
foo,2706
foo,2707
foo,2708
foo,2709
foo,2710
foo,2711
foo,2712
foo,2713
foo,2714
foo,2715
foo,2716
foo,2717
foo,2718
foo,2719
foo,2720
foo,2721
foo,2722
foo,2723
foo,2724
foo,2725
foo,2726
foo,2727
foo,2728
foo,2729
foo,2730
foo,2731
foo,2732
foo,2733
foo,2734
foo,2735
foo,2736
foo,2737
foo,2738
foo,2739
foo,2740
foo,2741
foo,2742
foo,2743
foo,2744
foo,2745
foo,2746
foo,2747
foo,2748
foo,2749
foo,2750
foo,2751
foo,2752
foo,2753
foo,2754
foo,2755
foo,2756
foo,2757
foo,2758
foo,2759
foo,2760
foo,2761
foo,2762
foo,2763
foo,2764
foo,2765
foo,2766
foo,2767
foo,2768
foo,2769
foo,2770
foo,2771
foo,2772
foo,2773
foo,2774
foo,2775
foo,2776
foo,2777
foo,2778
foo,2779
foo,2780
foo,2781
foo,2782
foo,2783
foo,2784
foo,2785
foo,2786
foo,2787
foo,2788
foo,2789
foo,2790
foo,2791
foo,2792
foo,2793
foo,2794
foo,2795
foo,2796
foo,2797
foo,2798
foo,2799
foo,2800
foo,2801
foo,2802
foo,2803
foo,2804
foo,2805
foo,2806
foo,2807
foo,2808
foo,2809
foo,2810
foo,2811
foo,2812
foo,2813
foo,2814
foo,2815
foo,2816
foo,2817
foo,2818
foo,2819
foo,2820
foo,2821
foo,2822
foo,2823
foo,2824
foo,2825
foo,2826
foo,2827
foo,2828
foo,2829
foo,2830
foo,2831
foo,2832
foo,2833
foo,2834
foo,2835
foo,2836
foo,2837
foo,2838
foo,2839
foo,2840
foo,2841
foo,2842
foo,2843
foo,2844
foo,2845
foo,2846
foo,2847
foo,2848
foo,2849
foo,2850
foo,2851
foo,2852
foo,2853
foo,2854
foo,2855
foo,2856
foo,2857
foo,2858
foo,2859
foo,2860
foo,2861
foo,2862
foo,2863
foo,2864
foo,2865
foo,2866
foo,2867
foo,2868
foo,2869
foo,2870
foo,2871
foo,2872
foo,2873
foo,2874
foo,2875
foo,2876
foo,2877
foo,2878
foo,2879
foo,2880
foo,2881
foo,2882
foo,2883
foo,2884
foo,2885
foo,2886
foo,2887
foo,2888
foo,2889
foo,2890
foo,2891
foo,2892
foo,2893
foo,2894
foo,2895
foo,2896
foo,2897
foo,2898
foo,2899
foo,2900
foo,2901
foo,2902
foo,2903
foo,2904
foo,2905
foo,2906
foo,2907
foo,2908
foo,2909
foo,2910
foo,2911
foo,2912
foo,2913
foo,2914
foo,2915
foo,2916
foo,2917
foo,2918
foo,2919
foo,2920
foo,2921
foo,2922
foo,2923
foo,2924
foo,2925
foo,2926
foo,2927
foo,2928
foo,2929
foo,2930
foo,2931
foo,2932
foo,2933
foo,2934
foo,2935
foo,2936
foo,2937
foo,2938
foo,2939
foo,2940
foo,2941
foo,2942
foo,2943
foo,2944
foo,2945
foo,2946
foo,2947
foo,2948
foo,2949
foo,2950
foo,2951
foo,2952
foo,2953
foo,2954
foo,2955
foo,2956
foo,2957
foo,2958
foo,2959
foo,2960
foo,2961
foo,2962
foo,2963
foo,2964
foo,2965
foo,2966
foo,2967
foo,2968
foo,2969
foo,2970
foo,2971
foo,2972
foo,2973
foo,2974
foo,2975
foo,2976
foo,2977
foo,2978
foo,2979
foo,2980
foo,2981
foo,2982
foo,2983
foo,2984
foo,2985
foo,2986
foo,2987
foo,2988
foo,2989
foo,2990
foo,2991
foo,2992
foo,2993
foo,2994
foo,2995
foo,2996
foo,2997
foo,2998
foo,2999
foo,3000
foo,3001
foo,3002
foo,3003
foo,3004
foo,3005
foo,3006
foo,3007
foo,3008
foo,3009
foo,3010
foo,3011
foo,3012
foo,3013
foo,3014
foo,3015
foo,3016
foo,3017
foo,3018
foo,3019
foo,3020
foo,3021
foo,3022
foo,3023
foo,3024
foo,3025
foo,3026
foo,3027
foo,3028
foo,3029
foo,3030
foo,3031
foo,3032
foo,3033
foo,3034
foo,3035
foo,3036
foo,3037
foo,3038
foo,3039
foo,3040
foo,3041
foo,3042
foo,3043
foo,3044
foo,3045
foo,3046
foo,3047
foo,3048
foo,3049
foo,3050
foo,3051
foo,3052
foo,3053
foo,3054
foo,3055
foo,3056
foo,3057
foo,3058
foo,3059
foo,3060
foo,3061
foo,3062
foo,3063
foo,3064
foo,3065
foo,3066
foo,3067
foo,3068
foo,3069
foo,3070
foo,3071
foo,3072
foo,3073
foo,3074
foo,3075
foo,3076
foo,3077
foo,3078
foo,3079
foo,3080
foo,3081
foo,3082
foo,3083
foo,3084
foo,3085
foo,3086
foo,3087
foo,3088
foo,3089
foo,3090
foo,3091
foo,3092
foo,3093
foo,3094
foo,3095
foo,3096
foo,3097
foo,3098
foo,3099
foo,3100
foo,3101
foo,3102
foo,3103
foo,3104
foo,3105
foo,3106
foo,3107
foo,3108
foo,3109
foo,3110
foo,3111
foo,3112
foo,3113
foo,3114
foo,3115
foo,3116
foo,3117
foo,3118
foo,3119
foo,3120
foo,3121
foo,3122
foo,3123
foo,3124
foo,3125
foo,3126
foo,3127
foo,3128
foo,3129
foo,3130
foo,3131
foo,3132
foo,3133
foo,3134
foo,3135
foo,3136
foo,3137
foo,3138
foo,3139
foo,3140
foo,3141
foo,3142
foo,3143
foo,3144
foo,3145
foo,3146
foo,3147
foo,3148
foo,3149
foo,3150
foo,3151
foo,3152
foo,3153
foo,3154
foo,3155
foo,3156
foo,3157
foo,3158
foo,3159
foo,3160
foo,3161
foo,3162
foo,3163
foo,3164
foo,3165
foo,3166
foo,3167
foo,3168
foo,3169
foo,3170
foo,3171
foo,3172
foo,3173
foo,3174
foo,3175
foo,3176
foo,3177
foo,3178
foo,3179
foo,3180
foo,3181
foo,3182
foo,3183
foo,3184
foo,3185
foo,3186
foo,3187
foo,3188
foo,3189
foo,3190
foo,3191
foo,3192
foo,3193
foo,3194
foo,3195
foo,3196
foo,3197
foo,3198
foo,3199
foo,3200
foo,3201
foo,3202
foo,3203
foo,3204
foo,3205
foo,3206
foo,3207
foo,3208
foo,3209
foo,3210
foo,3211
foo,3212
foo,3213
foo,3214
foo,3215
foo,3216
foo,3217
foo,3218
foo,3219
foo,3220
foo,3221
foo,3222
foo,3223
foo,3224
foo,3225
foo,3226
foo,3227
foo,3228
foo,3229
foo,3230
foo,3231
foo,3232
foo,3233
foo,3234
foo,3235
foo,3236
foo,3237
foo,3238
foo,3239
foo,3240
foo,3241
foo,3242
foo,3243
foo,3244
foo,3245
foo,3246
foo,3247
foo,3248
foo,3249
foo,3250
foo,3251
foo,3252
foo,3253
foo,3254
foo,3255
foo,3256
foo,3257
foo,3258
foo,3259
foo,3260
foo,3261
foo,3262
foo,3263
foo,3264
foo,3265
foo,3266
foo,3267
foo,3268
foo,3269
foo,3270
foo,3271
foo,3272
foo,3273
foo,3274
foo,3275
foo,3276
foo,3277
foo,3278
foo,3279
foo,3280
foo,3281
foo,3282
foo,3283
foo,3284
foo,3285
foo,3286
foo,3287
foo,3288
foo,3289
foo,3290
foo,3291
foo,3292
foo,3293
foo,3294
foo,3295
foo,3296
foo,3297
foo,3298
foo,3299
foo,3300
foo,3301
foo,3302
foo,3303
foo,3304
foo,3305
foo,3306
foo,3307
foo,3308
foo,3309
foo,3310
foo,3311
foo,3312
foo,3313
foo,3314
foo,3315
foo,3316
foo,3317
foo,3318
foo,3319
foo,3320
foo,3321
foo,3322
foo,3323
foo,3324
foo,3325
foo,3326
foo,3327
foo,3328
foo,3329
foo,3330
foo,3331
foo,3332
foo,3333
foo,3334
foo,3335
foo,3336
foo,3337
foo,3338
foo,3339
foo,3340
foo,3341
foo,3342
foo,3343
foo,3344
foo,3345
foo,3346
foo,3347
foo,3348
foo,3349
foo,3350
foo,3351
foo,3352
foo,3353
foo,3354
foo,3355
foo,3356
foo,3357
foo,3358
foo,3359
foo,3360
foo,3361
foo,3362
foo,3363
foo,3364
foo,3365
foo,3366
foo,3367
foo,3368
foo,3369
foo,3370
foo,3371
foo,3372
foo,3373
foo,3374
foo,3375
foo,3376
foo,3377
foo,3378
foo,3379
foo,3380
foo,3381
foo,3382
foo,3383
foo,3384
foo,3385
foo,3386
foo,3387
foo,3388
foo,3389
foo,3390
foo,3391
foo,3392
foo,3393
foo,3394
foo,3395
foo,3396
foo,3397
foo,3398
foo,3399
foo,3400
foo,3401
foo,3402
foo,3403
foo,3404
foo,3405
foo,3406
foo,3407
foo,3408
foo,3409
foo,3410
foo,3411
foo,3412
foo,3413
foo,3414
foo,3415
foo,3416
foo,3417
foo,3418
foo,3419
foo,3420
foo,3421
foo,3422
foo,3423
foo,3424
foo,3425
foo,3426
foo,3427
foo,3428
foo,3429
foo,3430
foo,3431
foo,3432
foo,3433
foo,3434
foo,3435
foo,3436
foo,3437
foo,3438
foo,3439
foo,3440
foo,3441
foo,3442
foo,3443
foo,3444
foo,3445
foo,3446
foo,3447
foo,3448
foo,3449
foo,3450
foo,3451
foo,3452
foo,3453
foo,3454
foo,3455
foo,3456
foo,3457
foo,3458
foo,3459
foo,3460
foo,3461
foo,3462
foo,3463
foo,3464
foo,3465
foo,3466
foo,3467
foo,3468
foo,3469
foo,3470
foo,3471
foo,3472
foo,3473
foo,3474
foo,3475
foo,3476
foo,3477
foo,3478
foo,3479
foo,3480
foo,3481
foo,3482
foo,3483
foo,3484
foo,3485
foo,3486
foo,3487
foo,3488
foo,3489
foo,3490
foo,3491
foo,3492
foo,3493
foo,3494
foo,3495
foo,3496
foo,3497
foo,3498
foo,3499
foo,3500
foo,3501
foo,3502
foo,3503
foo,3504
foo,3505
foo,3506
foo,3507
foo,3508
foo,3509
foo,3510
foo,3511
foo,3512
foo,3513
foo,3514
foo,3515
foo,3516
foo,3517
foo,3518
foo,3519
foo,3520
foo,3521
foo,3522
foo,3523
foo,3524
foo,3525
foo,3526
foo,3527
foo,3528
foo,3529
foo,3530
foo,3531
foo,3532
foo,3533
foo,3534
foo,3535
foo,3536
foo,3537
foo,3538
foo,3539
foo,3540
foo,3541
foo,3542
foo,3543
foo,3544
foo,3545
foo,3546
foo,3547
foo,3548
foo,3549
foo,3550
foo,3551
foo,3552
foo,3553
foo,3554
foo,3555
foo,3556
foo,3557
foo,3558
foo,3559
foo,3560
foo,3561
foo,3562
foo,3563
foo,3564
foo,3565
foo,3566
foo,3567
foo,3568
foo,3569
foo,3570
foo,3571
foo,3572
foo,3573
foo,3574
foo,3575
foo,3576
foo,3577
foo,3578
foo,3579
foo,3580
foo,3581
foo,3582
foo,3583
foo,3584
foo,3585
foo,3586
foo,3587
foo,3588
foo,3589
foo,3590
foo,3591
foo,3592
foo,3593
foo,3594
foo,3595
foo,3596
foo,3597
foo,3598
foo,3599
foo,3600
foo,3601
foo,3602
foo,3603
foo,3604
foo,3605
foo,3606
foo,3607
foo,3608
foo,3609
foo,3610
foo,3611
foo,3612
foo,3613
foo,3614
foo,3615
foo,3616
foo,3617
foo,3618
foo,3619
foo,3620
foo,3621
foo,3622
foo,3623
foo,3624
foo,3625
foo,3626
foo,3627
foo,3628
foo,3629
foo,3630
foo,3631
foo,3632
foo,3633
foo,3634
foo,3635
foo,3636
foo,3637
foo,3638
foo,3639
foo,3640
foo,3641
foo,3642
foo,3643
foo,3644
foo,3645
foo,3646
foo,3647
foo,3648
foo,3649
foo,3650
foo,3651
foo,3652
foo,3653
foo,3654
foo,3655
foo,3656
foo,3657
foo,3658
foo,3659
foo,3660
foo,3661
foo,3662
foo,3663
foo,3664
foo,3665
foo,3666
foo,3667
foo,3668
foo,3669
foo,3670
foo,3671
foo,3672
foo,3673
foo,3674
foo,3675
foo,3676
foo,3677
foo,3678
foo,3679
foo,3680
foo,3681
foo,3682
foo,3683
foo,3684
foo,3685
foo,3686
foo,3687
foo,3688
foo,3689
foo,3690
foo,3691
foo,3692
foo,3693
foo,3694
foo,3695
foo,3696
foo,3697
foo,3698
foo,3699
foo,3700
foo,3701
foo,3702
foo,3703
foo,3704
foo,3705
foo,3706
foo,3707
foo,3708
foo,3709
foo,3710
foo,3711
foo,3712
foo,3713
foo,3714
foo,3715
foo,3716
foo,3717
foo,3718
foo,3719
foo,3720
foo,3721
foo,3722
foo,3723
foo,3724
foo,3725
foo,3726
foo,3727
foo,3728
foo,3729
foo,3730
foo,3731
foo,3732
foo,3733
foo,3734
foo,3735
foo,3736
foo,3737
foo,3738
foo,3739
foo,3740
foo,3741
foo,3742
foo,3743
foo,3744
foo,3745
foo,3746
foo,3747
foo,3748
foo,3749
foo,3750
foo,3751
foo,3752
foo,3753
foo,3754
foo,3755
foo,3756
foo,3757
foo,3758
foo,3759
foo,3760
foo,3761
foo,3762
foo,3763
foo,3764
foo,3765
foo,3766
foo,3767
foo,3768
foo,3769
foo,3770
foo,3771
foo,3772
foo,3773
foo,3774
foo,3775
foo,3776
foo,3777
foo,3778
foo,3779
foo,3780
foo,3781
foo,3782
foo,3783
foo,3784
foo,3785
foo,3786
foo,3787
foo,3788
foo,3789
foo,3790
foo,3791
foo,3792
foo,3793
foo,3794
foo,3795
foo,3796
foo,3797
foo,3798
foo,3799
foo,3800
foo,3801
foo,3802
foo,3803
foo,3804
foo,3805
foo,3806
foo,3807
foo,3808
foo,3809
foo,3810
foo,3811
foo,3812
foo,3813
foo,3814
foo,3815
foo,3816
foo,3817
foo,3818
foo,3819
foo,3820
foo,3821
foo,3822
foo,3823
foo,3824
foo,3825
foo,3826
foo,3827
foo,3828
foo,3829
foo,3830
foo,3831
foo,3832
foo,3833
foo,3834
foo,3835
foo,3836
foo,3837
foo,3838
foo,3839
foo,3840
foo,3841
foo,3842
foo,3843
foo,3844
foo,3845
foo,3846
foo,3847
foo,3848
foo,3849
foo,3850
foo,3851
foo,3852
foo,3853
foo,3854
foo,3855
foo,3856
foo,3857
foo,3858
foo,3859
foo,3860
foo,3861
foo,3862
foo,3863
foo,3864
foo,3865
foo,3866
foo,3867
foo,3868
foo,3869
foo,3870
foo,3871
foo,3872
foo,3873
foo,3874
foo,3875
foo,3876
foo,3877
foo,3878
foo,3879
foo,3880
foo,3881
foo,3882
foo,3883
foo,3884
foo,3885
foo,3886
foo,3887
foo,3888
foo,3889
foo,3890
foo,3891
foo,3892
foo,3893
foo,3894
foo,3895
foo,3896
foo,3897
foo,3898
foo,3899
foo,3900
foo,3901
foo,3902
foo,3903
foo,3904
foo,3905
foo,3906
foo,3907
foo,3908
foo,3909
foo,3910
foo,3911
foo,3912
foo,3913
foo,3914
foo,3915
foo,3916
foo,3917
foo,3918
foo,3919
foo,3920
foo,3921
foo,3922
foo,3923
foo,3924
foo,3925
foo,3926
foo,3927
foo,3928
foo,3929
foo,3930
foo,3931
foo,3932
foo,3933
foo,3934
foo,3935
foo,3936
foo,3937
foo,3938
foo,3939
foo,3940
foo,3941
foo,3942
foo,3943
foo,3944
foo,3945
foo,3946
foo,3947
foo,3948
foo,3949
foo,3950
foo,3951
foo,3952
foo,3953
foo,3954
foo,3955
foo,3956
foo,3957
foo,3958
foo,3959
foo,3960
foo,3961
foo,3962
foo,3963
foo,3964
foo,3965
foo,3966
foo,3967
foo,3968
foo,3969
foo,3970
foo,3971
foo,3972
foo,3973
foo,3974
foo,3975
foo,3976
foo,3977
foo,3978
foo,3979
foo,3980
foo,3981
foo,3982
foo,3983
foo,3984
foo,3985
foo,3986
foo,3987
foo,3988
foo,3989
foo,3990
foo,3991
foo,3992
foo,3993
foo,3994
foo,3995
foo,3996
foo,3997
foo,3998
foo,3999
foo,4000
foo,4001
foo,4002
foo,4003
foo,4004
foo,4005
foo,4006
foo,4007
foo,4008
foo,4009
foo,4010
foo,4011
foo,4012
foo,4013
foo,4014
foo,4015
foo,4016
foo,4017
foo,4018
foo,4019
foo,4020
foo,4021
foo,4022
foo,4023
foo,4024
foo,4025
foo,4026
foo,4027
foo,4028
foo,4029
foo,4030
foo,4031
foo,4032
foo,4033
foo,4034
foo,4035
foo,4036
foo,4037
foo,4038
foo,4039
foo,4040
foo,4041
foo,4042
foo,4043
foo,4044
foo,4045
foo,4046
foo,4047
foo,4048
foo,4049
foo,4050
foo,4051
foo,4052
foo,4053
foo,4054
foo,4055
foo,4056
foo,4057
foo,4058
foo,4059
foo,4060
foo,4061
foo,4062
foo,4063
foo,4064
foo,4065
foo,4066
foo,4067
foo,4068
foo,4069
foo,4070
foo,4071
foo,4072
foo,4073
foo,4074
foo,4075
foo,4076
foo,4077
foo,4078
foo,4079
foo,4080
foo,4081
foo,4082
foo,4083
foo,4084
foo,4085
foo,4086
foo,4087
foo,4088
foo,4089
foo,4090
foo,4091
foo,4092
foo,4093
foo,4094
foo,4095
foo,4096
foo,4097
foo,4098
foo,4099
foo,4100
foo,4101
foo,4102
foo,4103
foo,4104
foo,4105
foo,4106
foo,4107
foo,4108
foo,4109
foo,4110
foo,4111
foo,4112
foo,4113
foo,4114
foo,4115
foo,4116
foo,4117
foo,4118
foo,4119
foo,4120
foo,4121
foo,4122
foo,4123
foo,4124
foo,4125
foo,4126
foo,4127
foo,4128
foo,4129
foo,4130
foo,4131
foo,4132
foo,4133
foo,4134
foo,4135
foo,4136
foo,4137
foo,4138
foo,4139
foo,4140
foo,4141
foo,4142
foo,4143
foo,4144
foo,4145
foo,4146
foo,4147
foo,4148
foo,4149
foo,4150
foo,4151
foo,4152
foo,4153
foo,4154
foo,4155
foo,4156
foo,4157
foo,4158
foo,4159
foo,4160
foo,4161
foo,4162
foo,4163
foo,4164
foo,4165
foo,4166
foo,4167
foo,4168
foo,4169
foo,4170
foo,4171
foo,4172
foo,4173
foo,4174
foo,4175
foo,4176
foo,4177
foo,4178
foo,4179
foo,4180
foo,4181
foo,4182
foo,4183
foo,4184
foo,4185
foo,4186
foo,4187
foo,4188
foo,4189
foo,4190
foo,4191
foo,4192
foo,4193
foo,4194
foo,4195
foo,4196
foo,4197
foo,4198
foo,4199
foo,4200
foo,4201
foo,4202
foo,4203
foo,4204
foo,4205
foo,4206
foo,4207
foo,4208
foo,4209
foo,4210
foo,4211
foo,4212
foo,4213
foo,4214
foo,4215
foo,4216
foo,4217
foo,4218
foo,4219
foo,4220
foo,4221
foo,4222
foo,4223
foo,4224
foo,4225
foo,4226
foo,4227
foo,4228
foo,4229
foo,4230
foo,4231
foo,4232
foo,4233
foo,4234
foo,4235
foo,4236
foo,4237
foo,4238
foo,4239
foo,4240
foo,4241
foo,4242
foo,4243
foo,4244
foo,4245
foo,4246
foo,4247
foo,4248
foo,4249
foo,4250
foo,4251
foo,4252
foo,4253
foo,4254
foo,4255
foo,4256
foo,4257
foo,4258
foo,4259
foo,4260
foo,4261
foo,4262
foo,4263
foo,4264
foo,4265
foo,4266
foo,4267
foo,4268
foo,4269
foo,4270
foo,4271
foo,4272
foo,4273
foo,4274
foo,4275
foo,4276
foo,4277
foo,4278
foo,4279
foo,4280
foo,4281
foo,4282
foo,4283
foo,4284
foo,4285
foo,4286
foo,4287
foo,4288
foo,4289
foo,4290
foo,4291
foo,4292
foo,4293
foo,4294
foo,4295
foo,4296
foo,4297
foo,4298
foo,4299
foo,4300
foo,4301
foo,4302
foo,4303
foo,4304
foo,4305
foo,4306
foo,4307
foo,4308
foo,4309
foo,4310
foo,4311
foo,4312
foo,4313
foo,4314
foo,4315
foo,4316
foo,4317
foo,4318
foo,4319
foo,4320
foo,4321
foo,4322
foo,4323
foo,4324
foo,4325
foo,4326
foo,4327
foo,4328
foo,4329
foo,4330
foo,4331
foo,4332
foo,4333
foo,4334
foo,4335
foo,4336
foo,4337
foo,4338
foo,4339
foo,4340
foo,4341
foo,4342
foo,4343
foo,4344
foo,4345
foo,4346
foo,4347
foo,4348
foo,4349
foo,4350
foo,4351
foo,4352
foo,4353
foo,4354
foo,4355
foo,4356
foo,4357
foo,4358
foo,4359
foo,4360
foo,4361
foo,4362
foo,4363
foo,4364
foo,4365
foo,4366
foo,4367
foo,4368
foo,4369
foo,4370
foo,4371
foo,4372
foo,4373
foo,4374
foo,4375
foo,4376
foo,4377
foo,4378
foo,4379
foo,4380
foo,4381
foo,4382
foo,4383
foo,4384
foo,4385
foo,4386
foo,4387
foo,4388
foo,4389
foo,4390
foo,4391
foo,4392
foo,4393
foo,4394
foo,4395
foo,4396
foo,4397
foo,4398
foo,4399
foo,4400
foo,4401
foo,4402
foo,4403
foo,4404
foo,4405
foo,4406
foo,4407
foo,4408
foo,4409
foo,4410
foo,4411
foo,4412
foo,4413
foo,4414
foo,4415
foo,4416
foo,4417
foo,4418
foo,4419
foo,4420
foo,4421
foo,4422
foo,4423
foo,4424
foo,4425
foo,4426
foo,4427
foo,4428
foo,4429
foo,4430
foo,4431
foo,4432
foo,4433
foo,4434
foo,4435
foo,4436
foo,4437
foo,4438
foo,4439
foo,4440
foo,4441
foo,4442
foo,4443
foo,4444
foo,4445
foo,4446
foo,4447
foo,4448
foo,4449
foo,4450
foo,4451
foo,4452
foo,4453
foo,4454
foo,4455
foo,4456
foo,4457
foo,4458
foo,4459
foo,4460
foo,4461
foo,4462
foo,4463
foo,4464
foo,4465
foo,4466
foo,4467
foo,4468
foo,4469
foo,4470
foo,4471
foo,4472
foo,4473
foo,4474
foo,4475
foo,4476
foo,4477
foo,4478
foo,4479
foo,4480
foo,4481
foo,4482
foo,4483
foo,4484
foo,4485
foo,4486
foo,4487
foo,4488
foo,4489
foo,4490
foo,4491
foo,4492
foo,4493
foo,4494
foo,4495
foo,4496
foo,4497
foo,4498
foo,4499
foo,4500
foo,4501
foo,4502
foo,4503
foo,4504
foo,4505
foo,4506
foo,4507
foo,4508
foo,4509
foo,4510
foo,4511
foo,4512
foo,4513
foo,4514
foo,4515
foo,4516
foo,4517
foo,4518
foo,4519
foo,4520
foo,4521
foo,4522
foo,4523
foo,4524
foo,4525
foo,4526
foo,4527
foo,4528
foo,4529
foo,4530
foo,4531
foo,4532
foo,4533
foo,4534
foo,4535
foo,4536
foo,4537
foo,4538
foo,4539
foo,4540
foo,4541
foo,4542
foo,4543
foo,4544
foo,4545
foo,4546
foo,4547
foo,4548
foo,4549
foo,4550
foo,4551
foo,4552
foo,4553
foo,4554
foo,4555
foo,4556
foo,4557
foo,4558
foo,4559
foo,4560
foo,4561
foo,4562
foo,4563
foo,4564
foo,4565
foo,4566
foo,4567
foo,4568
foo,4569
foo,4570
foo,4571
foo,4572
foo,4573
foo,4574
foo,4575
foo,4576
foo,4577
foo,4578
foo,4579
foo,4580
foo,4581
foo,4582
foo,4583
foo,4584
foo,4585
foo,4586
foo,4587
foo,4588
foo,4589
foo,4590
foo,4591
foo,4592
foo,4593
foo,4594
foo,4595
foo,4596
foo,4597
foo,4598
foo,4599
foo,4600
foo,4601
foo,4602
foo,4603
foo,4604
foo,4605
foo,4606
foo,4607
foo,4608
foo,4609
foo,4610
foo,4611
foo,4612
foo,4613
foo,4614
foo,4615
foo,4616
foo,4617
foo,4618
foo,4619
foo,4620
foo,4621
foo,4622
foo,4623
foo,4624
foo,4625
foo,4626
foo,4627
foo,4628
foo,4629
foo,4630
foo,4631
foo,4632
foo,4633
foo,4634
foo,4635
foo,4636
foo,4637
foo,4638
foo,4639
foo,4640
foo,4641
foo,4642
foo,4643
foo,4644
foo,4645
foo,4646
foo,4647
foo,4648
foo,4649
foo,4650
foo,4651
foo,4652
foo,4653
foo,4654
foo,4655
foo,4656
foo,4657
foo,4658
foo,4659
foo,4660
foo,4661
foo,4662
foo,4663
foo,4664
foo,4665
foo,4666
foo,4667
foo,4668
foo,4669
foo,4670
foo,4671
foo,4672
foo,4673
foo,4674
foo,4675
foo,4676
foo,4677
foo,4678
foo,4679
foo,4680
foo,4681
foo,4682
foo,4683
foo,4684
foo,4685
foo,4686
foo,4687
foo,4688
foo,4689
foo,4690
foo,4691
foo,4692
foo,4693
foo,4694
foo,4695
foo,4696
foo,4697
foo,4698
foo,4699
foo,4700
foo,4701
foo,4702
foo,4703
foo,4704
foo,4705
foo,4706
foo,4707
foo,4708
foo,4709
foo,4710
foo,4711
foo,4712
foo,4713
foo,4714
foo,4715
foo,4716
foo,4717
foo,4718
foo,4719
foo,4720
foo,4721
foo,4722
foo,4723
foo,4724
foo,4725
foo,4726
foo,4727
foo,4728
foo,4729
foo,4730
foo,4731
foo,4732
foo,4733
foo,4734
foo,4735
foo,4736
foo,4737
foo,4738
foo,4739
foo,4740
foo,4741
foo,4742
foo,4743
foo,4744
foo,4745
foo,4746
foo,4747
foo,4748
foo,4749
foo,4750
foo,4751
foo,4752
foo,4753
foo,4754
foo,4755
foo,4756
foo,4757
foo,4758
foo,4759
foo,4760
foo,4761
foo,4762
foo,4763
foo,4764
foo,4765
foo,4766
foo,4767
foo,4768
foo,4769
foo,4770
foo,4771
foo,4772
foo,4773
foo,4774
foo,4775
foo,4776
foo,4777
foo,4778
foo,4779
foo,4780
foo,4781
foo,4782
foo,4783
foo,4784
foo,4785
foo,4786
foo,4787
foo,4788
foo,4789
foo,4790
foo,4791
foo,4792
foo,4793
foo,4794
foo,4795
foo,4796
foo,4797
foo,4798
foo,4799
foo,4800
foo,4801
foo,4802
foo,4803
foo,4804
foo,4805
foo,4806
foo,4807
foo,4808
foo,4809
foo,4810
foo,4811
foo,4812
foo,4813
foo,4814
foo,4815
foo,4816
foo,4817
foo,4818
foo,4819
foo,4820
foo,4821
foo,4822
foo,4823
foo,4824
foo,4825
foo,4826
foo,4827
foo,4828
foo,4829
foo,4830
foo,4831
foo,4832
foo,4833
foo,4834
foo,4835
foo,4836
foo,4837
foo,4838
foo,4839
foo,4840
foo,4841
foo,4842
foo,4843
foo,4844
foo,4845
foo,4846
foo,4847
foo,4848
foo,4849
foo,4850
foo,4851
foo,4852
foo,4853
foo,4854
foo,4855
foo,4856
foo,4857
foo,4858
foo,4859
foo,4860
foo,4861
foo,4862
foo,4863
foo,4864
foo,4865
foo,4866
foo,4867
foo,4868
foo,4869
foo,4870
foo,4871
foo,4872
foo,4873
foo,4874
foo,4875
foo,4876
foo,4877
foo,4878
foo,4879
foo,4880
foo,4881
foo,4882
foo,4883
foo,4884
foo,4885
foo,4886
foo,4887
foo,4888
foo,4889
foo,4890
foo,4891
foo,4892
foo,4893
foo,4894
foo,4895
foo,4896
foo,4897
foo,4898
foo,4899
foo,4900
foo,4901
foo,4902
foo,4903
foo,4904
foo,4905
foo,4906
foo,4907
foo,4908
foo,4909
foo,4910
foo,4911
foo,4912
foo,4913
foo,4914
foo,4915
foo,4916
foo,4917
foo,4918
foo,4919
foo,4920
foo,4921
foo,4922
foo,4923
foo,4924
foo,4925
foo,4926
foo,4927
foo,4928
foo,4929
foo,4930
foo,4931
foo,4932
foo,4933
foo,4934
foo,4935
foo,4936
foo,4937
foo,4938
foo,4939
foo,4940
foo,4941
foo,4942
foo,4943
foo,4944
foo,4945
foo,4946
foo,4947
foo,4948
foo,4949
foo,4950
foo,4951
foo,4952
foo,4953
foo,4954
foo,4955
foo,4956
foo,4957
foo,4958
foo,4959
foo,4960
foo,4961
foo,4962
foo,4963
foo,4964
foo,4965
foo,4966
foo,4967
foo,4968
foo,4969
foo,4970
foo,4971
foo,4972
foo,4973
foo,4974
foo,4975
foo,4976
foo,4977
foo,4978
foo,4979
foo,4980
foo,4981
foo,4982
foo,4983
foo,4984
foo,4985
foo,4986
foo,4987
foo,4988
foo,4989
foo,4990
foo,4991
foo,4992
foo,4993
foo,4994
foo,4995
foo,4996
foo,4997
foo,4998
foo,4999
foo,5000
foo,5001
foo,5002
foo,5003
foo,5004
foo,5005
foo,5006
foo,5007
foo,5008
foo,5009
foo,5010
foo,5011
foo,5012
foo,5013
foo,5014
foo,5015
foo,5016
foo,5017
foo,5018
foo,5019
foo,5020
foo,5021
foo,5022
foo,5023
foo,5024
foo,5025
foo,5026
foo,5027
foo,5028
foo,5029
foo,5030
foo,5031
foo,5032
foo,5033
foo,5034
foo,5035
foo,5036
foo,5037
foo,5038
foo,5039
foo,5040
foo,5041
foo,5042
foo,5043
foo,5044
foo,5045
foo,5046
foo,5047
foo,5048
foo,5049
foo,5050
foo,5051
foo,5052
foo,5053
foo,5054
foo,5055
foo,5056
foo,5057
foo,5058
foo,5059
foo,5060
foo,5061
foo,5062
foo,5063
foo,5064
foo,5065
foo,5066
foo,5067
foo,5068
foo,5069
foo,5070
foo,5071
foo,5072
foo,5073
foo,5074
foo,5075
foo,5076
foo,5077
foo,5078
foo,5079
foo,5080
foo,5081
foo,5082
foo,5083
foo,5084
foo,5085
foo,5086
foo,5087
foo,5088
foo,5089
foo,5090
foo,5091
foo,5092
foo,5093
foo,5094
foo,5095
foo,5096
foo,5097
foo,5098
foo,5099
foo,5100
foo,5101
foo,5102
foo,5103
foo,5104
foo,5105
foo,5106
foo,5107
foo,5108
foo,5109
foo,5110
foo,5111
foo,5112
foo,5113
foo,5114
foo,5115
foo,5116
foo,5117
foo,5118
foo,5119
foo,5120
foo,5121
foo,5122
foo,5123
foo,5124
foo,5125
foo,5126
foo,5127
foo,5128
foo,5129
foo,5130
foo,5131
foo,5132
foo,5133
foo,5134
foo,5135
foo,5136
foo,5137
foo,5138
foo,5139
foo,5140
foo,5141
foo,5142
foo,5143
foo,5144
foo,5145
foo,5146
foo,5147
foo,5148
foo,5149
foo,5150
foo,5151
foo,5152
foo,5153
foo,5154
foo,5155
foo,5156
foo,5157
foo,5158
foo,5159
foo,5160
foo,5161
foo,5162
foo,5163
foo,5164
foo,5165
foo,5166
foo,5167
foo,5168
foo,5169
foo,5170
foo,5171
foo,5172
foo,5173
foo,5174
foo,5175
foo,5176
foo,5177
foo,5178
foo,5179
foo,5180
foo,5181
foo,5182
foo,5183
foo,5184
foo,5185
foo,5186
foo,5187
foo,5188
foo,5189
foo,5190
foo,5191
foo,5192
foo,5193
foo,5194
foo,5195
foo,5196
foo,5197
foo,5198
foo,5199
foo,5200
foo,5201
foo,5202
foo,5203
foo,5204
foo,5205
foo,5206
foo,5207
foo,5208
foo,5209
foo,5210
foo,5211
foo,5212
foo,5213
foo,5214
foo,5215
foo,5216
foo,5217
foo,5218
foo,5219
foo,5220
foo,5221
foo,5222
foo,5223
foo,5224
foo,5225
foo,5226
foo,5227
foo,5228
foo,5229
foo,5230
foo,5231
foo,5232
foo,5233
foo,5234
foo,5235
foo,5236
foo,5237
foo,5238
foo,5239
foo,5240
foo,5241
foo,5242
foo,5243
foo,5244
foo,5245
foo,5246
foo,5247
foo,5248
foo,5249
foo,5250
foo,5251
foo,5252
foo,5253
foo,5254
foo,5255
foo,5256
foo,5257
foo,5258
foo,5259
foo,5260
foo,5261
foo,5262
foo,5263
foo,5264
foo,5265
foo,5266
foo,5267
foo,5268
foo,5269
foo,5270
foo,5271
foo,5272
foo,5273
foo,5274
foo,5275
foo,5276
foo,5277
foo,5278
foo,5279
foo,5280
foo,5281
foo,5282
foo,5283
foo,5284
foo,5285
foo,5286
foo,5287
foo,5288
foo,5289
foo,5290
foo,5291
foo,5292
foo,5293
foo,5294
foo,5295
foo,5296
foo,5297
foo,5298
foo,5299
foo,5300
foo,5301
foo,5302
foo,5303
foo,5304
foo,5305
foo,5306
foo,5307
foo,5308
foo,5309
foo,5310
foo,5311
foo,5312
foo,5313
foo,5314
foo,5315
foo,5316
foo,5317
foo,5318
foo,5319
foo,5320
foo,5321
foo,5322
foo,5323
foo,5324
foo,5325
foo,5326
foo,5327
foo,5328
foo,5329
foo,5330
foo,5331
foo,5332
foo,5333
foo,5334
foo,5335
foo,5336
foo,5337
foo,5338
foo,5339
foo,5340
foo,5341
foo,5342
foo,5343
foo,5344
foo,5345
foo,5346
foo,5347
foo,5348
foo,5349
foo,5350
foo,5351
foo,5352
foo,5353
foo,5354
foo,5355
foo,5356
foo,5357
foo,5358
foo,5359
foo,5360
foo,5361
foo,5362
foo,5363
foo,5364
foo,5365
foo,5366
foo,5367
foo,5368
foo,5369
foo,5370
foo,5371
foo,5372
foo,5373
foo,5374
foo,5375
foo,5376
foo,5377
foo,5378
foo,5379
foo,5380
foo,5381
foo,5382
foo,5383
foo,5384
foo,5385
foo,5386
foo,5387
foo,5388
foo,5389
foo,5390
foo,5391
foo,5392
foo,5393
foo,5394
foo,5395
foo,5396
foo,5397
foo,5398
foo,5399
foo,5400
foo,5401
foo,5402
foo,5403
foo,5404
foo,5405
foo,5406
foo,5407
foo,5408
foo,5409
foo,5410
foo,5411
foo,5412
foo,5413
foo,5414
foo,5415
foo,5416
foo,5417
foo,5418
foo,5419
foo,5420
foo,5421
foo,5422
foo,5423
foo,5424
foo,5425
foo,5426
foo,5427
foo,5428
foo,5429
foo,5430
foo,5431
foo,5432
foo,5433
foo,5434
foo,5435
foo,5436
foo,5437
foo,5438
foo,5439
foo,5440
foo,5441
foo,5442
foo,5443
foo,5444
foo,5445
foo,5446
foo,5447
foo,5448
foo,5449
foo,5450
foo,5451
foo,5452
foo,5453
foo,5454
foo,5455
foo,5456
foo,5457
foo,5458
foo,5459
foo,5460
foo,5461
foo,5462
foo,5463
foo,5464
foo,5465
foo,5466
foo,5467
foo,5468
foo,5469
foo,5470
foo,5471
foo,5472
foo,5473
foo,5474
foo,5475
foo,5476
foo,5477
foo,5478
foo,5479
foo,5480
foo,5481
foo,5482
foo,5483
foo,5484
foo,5485
foo,5486
foo,5487
foo,5488
foo,5489
foo,5490
foo,5491
foo,5492
foo,5493
foo,5494
foo,5495
foo,5496
foo,5497
foo,5498
foo,5499
foo,5500
foo,5501
foo,5502
foo,5503
foo,5504
foo,5505
foo,5506
foo,5507
foo,5508
foo,5509
foo,5510
foo,5511
foo,5512
foo,5513
foo,5514
foo,5515
foo,5516
foo,5517
foo,5518
foo,5519
foo,5520
foo,5521
foo,5522
foo,5523
foo,5524
foo,5525
foo,5526
foo,5527
foo,5528
foo,5529
foo,5530
foo,5531
foo,5532
foo,5533
foo,5534
foo,5535
foo,5536
foo,5537
foo,5538
foo,5539
foo,5540
foo,5541
foo,5542
foo,5543
foo,5544
foo,5545
foo,5546
foo,5547
foo,5548
foo,5549
foo,5550
foo,5551
foo,5552
foo,5553
foo,5554
foo,5555
foo,5556
foo,5557
foo,5558
foo,5559
foo,5560
foo,5561
foo,5562
foo,5563
foo,5564
foo,5565
foo,5566
foo,5567
foo,5568
foo,5569
foo,5570
foo,5571
foo,5572
foo,5573
foo,5574
foo,5575
foo,5576
foo,5577
foo,5578
foo,5579
foo,5580
foo,5581
foo,5582
foo,5583
foo,5584
foo,5585
foo,5586
foo,5587
foo,5588
foo,5589
foo,5590
foo,5591
foo,5592
foo,5593
foo,5594
foo,5595
foo,5596
foo,5597
foo,5598
foo,5599
foo,5600
foo,5601
foo,5602
foo,5603
foo,5604
foo,5605
foo,5606
foo,5607
foo,5608
foo,5609
foo,5610
foo,5611
foo,5612
foo,5613
foo,5614
foo,5615
foo,5616
foo,5617
foo,5618
foo,5619
foo,5620
foo,5621
foo,5622
foo,5623
foo,5624
foo,5625
foo,5626
foo,5627
foo,5628
foo,5629
foo,5630
foo,5631
foo,5632
foo,5633
foo,5634
foo,5635
foo,5636
foo,5637
foo,5638
foo,5639
foo,5640
foo,5641
foo,5642
foo,5643
foo,5644
foo,5645
foo,5646
foo,5647
foo,5648
foo,5649
foo,5650
foo,5651
foo,5652
foo,5653
foo,5654
foo,5655
foo,5656
foo,5657
foo,5658
foo,5659
foo,5660
foo,5661
foo,5662
foo,5663
foo,5664
foo,5665
foo,5666
foo,5667
foo,5668
foo,5669
foo,5670
foo,5671
foo,5672
foo,5673
foo,5674
foo,5675
foo,5676
foo,5677
foo,5678
foo,5679
foo,5680
foo,5681
foo,5682
foo,5683
foo,5684
foo,5685
foo,5686
foo,5687
foo,5688
foo,5689
foo,5690
foo,5691
foo,5692
foo,5693
foo,5694
foo,5695
foo,5696
foo,5697
foo,5698
foo,5699
foo,5700
foo,5701
foo,5702
foo,5703
foo,5704
foo,5705
foo,5706
foo,5707
foo,5708
foo,5709
foo,5710
foo,5711
foo,5712
foo,5713
foo,5714
foo,5715
foo,5716
foo,5717
foo,5718
foo,5719
foo,5720
foo,5721
foo,5722
foo,5723
foo,5724
foo,5725
foo,5726
foo,5727
foo,5728
foo,5729
foo,5730
foo,5731
foo,5732
foo,5733
foo,5734
foo,5735
foo,5736
foo,5737
foo,5738
foo,5739
foo,5740
foo,5741
foo,5742
foo,5743
foo,5744
foo,5745
foo,5746
foo,5747
foo,5748
foo,5749
foo,5750
foo,5751
foo,5752
foo,5753
foo,5754
foo,5755
foo,5756
foo,5757
foo,5758
foo,5759
foo,5760
foo,5761
foo,5762
foo,5763
foo,5764
foo,5765
foo,5766
foo,5767
foo,5768
foo,5769
foo,5770
foo,5771
foo,5772
foo,5773
foo,5774
foo,5775
foo,5776
foo,5777
foo,5778
foo,5779
foo,5780
foo,5781
foo,5782
foo,5783
foo,5784
foo,5785
foo,5786
foo,5787
foo,5788
foo,5789
foo,5790
foo,5791
foo,5792
foo,5793
foo,5794
foo,5795
foo,5796
foo,5797
foo,5798
foo,5799
foo,5800
foo,5801
foo,5802
foo,5803
foo,5804
foo,5805
foo,5806
foo,5807
foo,5808
foo,5809
foo,5810
foo,5811
foo,5812
foo,5813
foo,5814
foo,5815
foo,5816
foo,5817
foo,5818
foo,5819
foo,5820
foo,5821
foo,5822
foo,5823
foo,5824
foo,5825
foo,5826
foo,5827
foo,5828
foo,5829
foo,5830
foo,5831
foo,5832
foo,5833
foo,5834
foo,5835
foo,5836
foo,5837
foo,5838
foo,5839
foo,5840
foo,5841
foo,5842
foo,5843
foo,5844
foo,5845
foo,5846
foo,5847
foo,5848
foo,5849
foo,5850
foo,5851
foo,5852
foo,5853
foo,5854
foo,5855
foo,5856
foo,5857
foo,5858
foo,5859
foo,5860
foo,5861
foo,5862
foo,5863
foo,5864
foo,5865
foo,5866
foo,5867
foo,5868
foo,5869
foo,5870
foo,5871
foo,5872
foo,5873
foo,5874
foo,5875
foo,5876
foo,5877
foo,5878
foo,5879
foo,5880
foo,5881
foo,5882
foo,5883
foo,5884
foo,5885
foo,5886
foo,5887
foo,5888
foo,5889
foo,5890
foo,5891
foo,5892
foo,5893
foo,5894
foo,5895
foo,5896
foo,5897
foo,5898
foo,5899
foo,5900
foo,5901
foo,5902
foo,5903
foo,5904
foo,5905
foo,5906
foo,5907
foo,5908
foo,5909
foo,5910
foo,5911
foo,5912
foo,5913
foo,5914
foo,5915
foo,5916
foo,5917
foo,5918
foo,5919
foo,5920
foo,5921
foo,5922
foo,5923
foo,5924
foo,5925
foo,5926
foo,5927
foo,5928
foo,5929
foo,5930
foo,5931
foo,5932
foo,5933
foo,5934
foo,5935
foo,5936
foo,5937
foo,5938
foo,5939
foo,5940
foo,5941
foo,5942
foo,5943
foo,5944
foo,5945
foo,5946
foo,5947
foo,5948
foo,5949
foo,5950
foo,5951
foo,5952
foo,5953
foo,5954
foo,5955
foo,5956
foo,5957
foo,5958
foo,5959
foo,5960
foo,5961
foo,5962
foo,5963
foo,5964
foo,5965
foo,5966
foo,5967
foo,5968
foo,5969
foo,5970
foo,5971
foo,5972
foo,5973
foo,5974
foo,5975
foo,5976
foo,5977
foo,5978
foo,5979
foo,5980
foo,5981
foo,5982
foo,5983
foo,5984
foo,5985
foo,5986
foo,5987
foo,5988
foo,5989
foo,5990
foo,5991
foo,5992
foo,5993
foo,5994
foo,5995
foo,5996
foo,5997
foo,5998
foo,5999
foo,6000
foo,6001
foo,6002
foo,6003
foo,6004
foo,6005
foo,6006
foo,6007
foo,6008
foo,6009
foo,6010
foo,6011
foo,6012
foo,6013
foo,6014
foo,6015
foo,6016
foo,6017
foo,6018
foo,6019
foo,6020
foo,6021
foo,6022
foo,6023
foo,6024
foo,6025
foo,6026
foo,6027
foo,6028
foo,6029
foo,6030
foo,6031
foo,6032
foo,6033
foo,6034
foo,6035
foo,6036
foo,6037
foo,6038
foo,6039
foo,6040
foo,6041
foo,6042
foo,6043
foo,6044
foo,6045
foo,6046
foo,6047
foo,6048
foo,6049
foo,6050
foo,6051
foo,6052
foo,6053
foo,6054
foo,6055
foo,6056
foo,6057
foo,6058
foo,6059
foo,6060
foo,6061
foo,6062
foo,6063
foo,6064
foo,6065
foo,6066
foo,6067
foo,6068
foo,6069
foo,6070
foo,6071
foo,6072
foo,6073
foo,6074
foo,6075
foo,6076
foo,6077
foo,6078
foo,6079
foo,6080
foo,6081
foo,6082
foo,6083
foo,6084
foo,6085
foo,6086
foo,6087
foo,6088
foo,6089
foo,6090
foo,6091
foo,6092
foo,6093
foo,6094
foo,6095
foo,6096
foo,6097
foo,6098
foo,6099
foo,6100
foo,6101
foo,6102
foo,6103
foo,6104
foo,6105
foo,6106
foo,6107
foo,6108
foo,6109
foo,6110
foo,6111
foo,6112
foo,6113
foo,6114
foo,6115
foo,6116
foo,6117
foo,6118
foo,6119
foo,6120
foo,6121
foo,6122
foo,6123
foo,6124
foo,6125
foo,6126
foo,6127
foo,6128
foo,6129
foo,6130
foo,6131
foo,6132
foo,6133
foo,6134
foo,6135
foo,6136
foo,6137
foo,6138
foo,6139
foo,6140
foo,6141
foo,6142
foo,6143
foo,6144
foo,6145
foo,6146
foo,6147
foo,6148
foo,6149
foo,6150
foo,6151
foo,6152
foo,6153
foo,6154
foo,6155
foo,6156
foo,6157
foo,6158
foo,6159
foo,6160
foo,6161
foo,6162
foo,6163
foo,6164
foo,6165
foo,6166
foo,6167
foo,6168
foo,6169
foo,6170
foo,6171
foo,6172
foo,6173
foo,6174
foo,6175
foo,6176
foo,6177
foo,6178
foo,6179
foo,6180
foo,6181
foo,6182
foo,6183
foo,6184
foo,6185
foo,6186
foo,6187
foo,6188
foo,6189
foo,6190
foo,6191
foo,6192
foo,6193
foo,6194
foo,6195
foo,6196
foo,6197
foo,6198
foo,6199
foo,6200
foo,6201
foo,6202
foo,6203
foo,6204
foo,6205
foo,6206
foo,6207
foo,6208
foo,6209
foo,6210
foo,6211
foo,6212
foo,6213
foo,6214
foo,6215
foo,6216
foo,6217
foo,6218
foo,6219
foo,6220
foo,6221
foo,6222
foo,6223
foo,6224
foo,6225
foo,6226
foo,6227
foo,6228
foo,6229
foo,6230
foo,6231
foo,6232
foo,6233
foo,6234
foo,6235
foo,6236
foo,6237
foo,6238
foo,6239
foo,6240
foo,6241
foo,6242
foo,6243
foo,6244
foo,6245
foo,6246
foo,6247
foo,6248
foo,6249
foo,6250
foo,6251
foo,6252
foo,6253
foo,6254
foo,6255
foo,6256
foo,6257
foo,6258
foo,6259
foo,6260
foo,6261
foo,6262
foo,6263
foo,6264
foo,6265
foo,6266
foo,6267
foo,6268
foo,6269
foo,6270
foo,6271
foo,6272
foo,6273
foo,6274
foo,6275
foo,6276
foo,6277
foo,6278
foo,6279
foo,6280
foo,6281
foo,6282
foo,6283
foo,6284
foo,6285
foo,6286
foo,6287
foo,6288
foo,6289
foo,6290
foo,6291
foo,6292
foo,6293
foo,6294
foo,6295
foo,6296
foo,6297
foo,6298
foo,6299
foo,6300
foo,6301
foo,6302
foo,6303
foo,6304
foo,6305
foo,6306
foo,6307
foo,6308
foo,6309
foo,6310
foo,6311
foo,6312
foo,6313
foo,6314
foo,6315
foo,6316
foo,6317
foo,6318
foo,6319
foo,6320
foo,6321
foo,6322
foo,6323
foo,6324
foo,6325
foo,6326
foo,6327
foo,6328
foo,6329
foo,6330
foo,6331
foo,6332
foo,6333
foo,6334
foo,6335
foo,6336
foo,6337
foo,6338
foo,6339
foo,6340
foo,6341
foo,6342
foo,6343
foo,6344
foo,6345
foo,6346
foo,6347
foo,6348
foo,6349
foo,6350
foo,6351
foo,6352
foo,6353
foo,6354
foo,6355
foo,6356
foo,6357
foo,6358
foo,6359
foo,6360
foo,6361
foo,6362
foo,6363
foo,6364
foo,6365
foo,6366
foo,6367
foo,6368
foo,6369
foo,6370
foo,6371
foo,6372
foo,6373
foo,6374
foo,6375
foo,6376
foo,6377
foo,6378
foo,6379
foo,6380
foo,6381
foo,6382
foo,6383
foo,6384
foo,6385
foo,6386
foo,6387
foo,6388
foo,6389
foo,6390
foo,6391
foo,6392
foo,6393
foo,6394
foo,6395
foo,6396
foo,6397
foo,6398
foo,6399
foo,6400
foo,6401
foo,6402
foo,6403
foo,6404
foo,6405
foo,6406
foo,6407
foo,6408
foo,6409
foo,6410
foo,6411
foo,6412
foo,6413
foo,6414
foo,6415
foo,6416
foo,6417
foo,6418
foo,6419
foo,6420
foo,6421
foo,6422
foo,6423
foo,6424
foo,6425
foo,6426
foo,6427
foo,6428
foo,6429
foo,6430
foo,6431
foo,6432
foo,6433
foo,6434
foo,6435
foo,6436
foo,6437
foo,6438
foo,6439
foo,6440
foo,6441
foo,6442
foo,6443
foo,6444
foo,6445
foo,6446
foo,6447
foo,6448
foo,6449
foo,6450
foo,6451
foo,6452
foo,6453
foo,6454
foo,6455
foo,6456
foo,6457
foo,6458
foo,6459
foo,6460
foo,6461
foo,6462
foo,6463
foo,6464
foo,6465
foo,6466
foo,6467
foo,6468
foo,6469
foo,6470
foo,6471
foo,6472
foo,6473
foo,6474
foo,6475
foo,6476
foo,6477
foo,6478
foo,6479
foo,6480
foo,6481
foo,6482
foo,6483
foo,6484
foo,6485
foo,6486
foo,6487
foo,6488
foo,6489
foo,6490
foo,6491
foo,6492
foo,6493
foo,6494
foo,6495
foo,6496
foo,6497
foo,6498
foo,6499
foo,6500
foo,6501
foo,6502
foo,6503
foo,6504
foo,6505
foo,6506
foo,6507
foo,6508
foo,6509
foo,6510
foo,6511
foo,6512
foo,6513
foo,6514
foo,6515
foo,6516
foo,6517
foo,6518
foo,6519
foo,6520
foo,6521
foo,6522
foo,6523
foo,6524
foo,6525
foo,6526
foo,6527
foo,6528
foo,6529
foo,6530
foo,6531
foo,6532
foo,6533
foo,6534
foo,6535
foo,6536
foo,6537
foo,6538
foo,6539
foo,6540
foo,6541
foo,6542
foo,6543
foo,6544
foo,6545
foo,6546
foo,6547
foo,6548
foo,6549
foo,6550
foo,6551
foo,6552
foo,6553
foo,6554
foo,6555
foo,6556
foo,6557
foo,6558
foo,6559
foo,6560
foo,6561
foo,6562
foo,6563
foo,6564
foo,6565
foo,6566
foo,6567
foo,6568
foo,6569
foo,6570
foo,6571
foo,6572
foo,6573
foo,6574
foo,6575
foo,6576
foo,6577
foo,6578
foo,6579
foo,6580
foo,6581
foo,6582
foo,6583
foo,6584
foo,6585
foo,6586
foo,6587
foo,6588
foo,6589
foo,6590
foo,6591
foo,6592
foo,6593
foo,6594
foo,6595
foo,6596
foo,6597
foo,6598
foo,6599
foo,6600
foo,6601
foo,6602
foo,6603
foo,6604
foo,6605
foo,6606
foo,6607
foo,6608
foo,6609
foo,6610
foo,6611
foo,6612
foo,6613
foo,6614
foo,6615
foo,6616
foo,6617
foo,6618
foo,6619
foo,6620
foo,6621
foo,6622
foo,6623
foo,6624
foo,6625
foo,6626
foo,6627
foo,6628
foo,6629
foo,6630
foo,6631
foo,6632
foo,6633
foo,6634
foo,6635
foo,6636
foo,6637
foo,6638
foo,6639
foo,6640
foo,6641
foo,6642
foo,6643
foo,6644
foo,6645
foo,6646
foo,6647
foo,6648
foo,6649
foo,6650
foo,6651
foo,6652
foo,6653
foo,6654
foo,6655
foo,6656
foo,6657
foo,6658
foo,6659
foo,6660
foo,6661
foo,6662
foo,6663
foo,6664
foo,6665
foo,6666
foo,6667
foo,6668
foo,6669
foo,6670
foo,6671
foo,6672
foo,6673
foo,6674
foo,6675
foo,6676
foo,6677
foo,6678
foo,6679
foo,6680
foo,6681
foo,6682
foo,6683
foo,6684
foo,6685
foo,6686
foo,6687
foo,6688
foo,6689
foo,6690
foo,6691
foo,6692
foo,6693
foo,6694
foo,6695
foo,6696
foo,6697
foo,6698
foo,6699
foo,6700
foo,6701
foo,6702
foo,6703
foo,6704
foo,6705
foo,6706
foo,6707
foo,6708
foo,6709
foo,6710
foo,6711
foo,6712
foo,6713
foo,6714
foo,6715
foo,6716
foo,6717
foo,6718
foo,6719
foo,6720
foo,6721
foo,6722
foo,6723
foo,6724
foo,6725
foo,6726
foo,6727
foo,6728
foo,6729
foo,6730
foo,6731
foo,6732
foo,6733
foo,6734
foo,6735
foo,6736
foo,6737
foo,6738
foo,6739
foo,6740
foo,6741
foo,6742
foo,6743
foo,6744
foo,6745
foo,6746
foo,6747
foo,6748
foo,6749
foo,6750
foo,6751
foo,6752
foo,6753
foo,6754
foo,6755
foo,6756
foo,6757
foo,6758
foo,6759
foo,6760
foo,6761
foo,6762
foo,6763
foo,6764
foo,6765
foo,6766
foo,6767
foo,6768
foo,6769
foo,6770
foo,6771
foo,6772
foo,6773
foo,6774
foo,6775
foo,6776
foo,6777
foo,6778
foo,6779
foo,6780
foo,6781
foo,6782
foo,6783
foo,6784
foo,6785
foo,6786
foo,6787
foo,6788
foo,6789
foo,6790
foo,6791
foo,6792
foo,6793
foo,6794
foo,6795
foo,6796
foo,6797
foo,6798
foo,6799
foo,6800
foo,6801
foo,6802
foo,6803
foo,6804
foo,6805
foo,6806
foo,6807
foo,6808
foo,6809
foo,6810
foo,6811
foo,6812
foo,6813
foo,6814
foo,6815
foo,6816
foo,6817
foo,6818
foo,6819
foo,6820
foo,6821
foo,6822
foo,6823
foo,6824
foo,6825
foo,6826
foo,6827
foo,6828
foo,6829
foo,6830
foo,6831
foo,6832
foo,6833
foo,6834
foo,6835
foo,6836
foo,6837
foo,6838
foo,6839
foo,6840
foo,6841
foo,6842
foo,6843
foo,6844
foo,6845
foo,6846
foo,6847
foo,6848
foo,6849
foo,6850
foo,6851
foo,6852
foo,6853
foo,6854
foo,6855
foo,6856
foo,6857
foo,6858
foo,6859
foo,6860
foo,6861
foo,6862
foo,6863
foo,6864
foo,6865
foo,6866
foo,6867
foo,6868
foo,6869
foo,6870
foo,6871
foo,6872
foo,6873
foo,6874
foo,6875
foo,6876
foo,6877
foo,6878
foo,6879
foo,6880
foo,6881
foo,6882
foo,6883
foo,6884
foo,6885
foo,6886
foo,6887
foo,6888
foo,6889
foo,6890
foo,6891
foo,6892
foo,6893
foo,6894
foo,6895
foo,6896
foo,6897
foo,6898
foo,6899
foo,6900
foo,6901
foo,6902
foo,6903
foo,6904
foo,6905
foo,6906
foo,6907
foo,6908
foo,6909
foo,6910
foo,6911
foo,6912
foo,6913
foo,6914
foo,6915
foo,6916
foo,6917
foo,6918
foo,6919
foo,6920
foo,6921
foo,6922
foo,6923
foo,6924
foo,6925
foo,6926
foo,6927
foo,6928
foo,6929
foo,6930
foo,6931
foo,6932
foo,6933
foo,6934
foo,6935
foo,6936
foo,6937
foo,6938
foo,6939
foo,6940
foo,6941
foo,6942
foo,6943
foo,6944
foo,6945
foo,6946
foo,6947
foo,6948
foo,6949
foo,6950
foo,6951
foo,6952
foo,6953
foo,6954
foo,6955
foo,6956
foo,6957
foo,6958
foo,6959
foo,6960
foo,6961
foo,6962
foo,6963
foo,6964
foo,6965
foo,6966
foo,6967
foo,6968
foo,6969
foo,6970
foo,6971
foo,6972
foo,6973
foo,6974
foo,6975
foo,6976
foo,6977
foo,6978
foo,6979
foo,6980
foo,6981
foo,6982
foo,6983
foo,6984
foo,6985
foo,6986
foo,6987
foo,6988
foo,6989
foo,6990
foo,6991
foo,6992
foo,6993
foo,6994
foo,6995
foo,6996
foo,6997
foo,6998
foo,6999
foo,7000
foo,7001
foo,7002
foo,7003
foo,7004
foo,7005
foo,7006
foo,7007
foo,7008
foo,7009
foo,7010
foo,7011
foo,7012
foo,7013
foo,7014
foo,7015
foo,7016
foo,7017
foo,7018
foo,7019
foo,7020
foo,7021
foo,7022
foo,7023
foo,7024
foo,7025
foo,7026
foo,7027
foo,7028
foo,7029
foo,7030
foo,7031
foo,7032
foo,7033
foo,7034
foo,7035
foo,7036
foo,7037
foo,7038
foo,7039
foo,7040
foo,7041
foo,7042
foo,7043
foo,7044
foo,7045
foo,7046
foo,7047
foo,7048
foo,7049
foo,7050
foo,7051
foo,7052
foo,7053
foo,7054
foo,7055
foo,7056
foo,7057
foo,7058
foo,7059
foo,7060
foo,7061
foo,7062
foo,7063
foo,7064
foo,7065
foo,7066
foo,7067
foo,7068
foo,7069
foo,7070
foo,7071
foo,7072
foo,7073
foo,7074
foo,7075
foo,7076
foo,7077
foo,7078
foo,7079
foo,7080
foo,7081
foo,7082
foo,7083
foo,7084
foo,7085
foo,7086
foo,7087
foo,7088
foo,7089
foo,7090
foo,7091
foo,7092
foo,7093
foo,7094
foo,7095
foo,7096
foo,7097
foo,7098
foo,7099
foo,7100
foo,7101
foo,7102
foo,7103
foo,7104
foo,7105
foo,7106
foo,7107
foo,7108
foo,7109
foo,7110
foo,7111
foo,7112
foo,7113
foo,7114
foo,7115
foo,7116
foo,7117
foo,7118
foo,7119
foo,7120
foo,7121
foo,7122
foo,7123
foo,7124
foo,7125
foo,7126
foo,7127
foo,7128
foo,7129
foo,7130
foo,7131
foo,7132
foo,7133
foo,7134
foo,7135
foo,7136
foo,7137
foo,7138
foo,7139
foo,7140
foo,7141
foo,7142
foo,7143
foo,7144
foo,7145
foo,7146
foo,7147
foo,7148
foo,7149
foo,7150
foo,7151
foo,7152
foo,7153
foo,7154
foo,7155
foo,7156
foo,7157
foo,7158
foo,7159
foo,7160
foo,7161
foo,7162
foo,7163
foo,7164
foo,7165
foo,7166
foo,7167
foo,7168
foo,7169
foo,7170
foo,7171
foo,7172
foo,7173
foo,7174
foo,7175
foo,7176
foo,7177
foo,7178
foo,7179
foo,7180
foo,7181
foo,7182
foo,7183
foo,7184
foo,7185
foo,7186
foo,7187
foo,7188
foo,7189
foo,7190
foo,7191
foo,7192
foo,7193
foo,7194
foo,7195
foo,7196
foo,7197
foo,7198
foo,7199
foo,7200
foo,7201
foo,7202
foo,7203
foo,7204
foo,7205
foo,7206
foo,7207
foo,7208
foo,7209
foo,7210
foo,7211
foo,7212
foo,7213
foo,7214
foo,7215
foo,7216
foo,7217
foo,7218
foo,7219
foo,7220
foo,7221
foo,7222
foo,7223
foo,7224
foo,7225
foo,7226
foo,7227
foo,7228
foo,7229
foo,7230
foo,7231
foo,7232
foo,7233
foo,7234
foo,7235
foo,7236
foo,7237
foo,7238
foo,7239
foo,7240
foo,7241
foo,7242
foo,7243
foo,7244
foo,7245
foo,7246
foo,7247
foo,7248
foo,7249
foo,7250
foo,7251
foo,7252
foo,7253
foo,7254
foo,7255
foo,7256
foo,7257
foo,7258
foo,7259
foo,7260
foo,7261
foo,7262
foo,7263
foo,7264
foo,7265
foo,7266
foo,7267
foo,7268
foo,7269
foo,7270
foo,7271
foo,7272
foo,7273
foo,7274
foo,7275
foo,7276
foo,7277
foo,7278
foo,7279
foo,7280
foo,7281
foo,7282
foo,7283
foo,7284
foo,7285
foo,7286
foo,7287
foo,7288
foo,7289
foo,7290
foo,7291
foo,7292
foo,7293
foo,7294
foo,7295
foo,7296
foo,7297
foo,7298
foo,7299
foo,7300
foo,7301
foo,7302
foo,7303
foo,7304
foo,7305
foo,7306
foo,7307
foo,7308
foo,7309
foo,7310
foo,7311
foo,7312
foo,7313
foo,7314
foo,7315
foo,7316
foo,7317
foo,7318
foo,7319
foo,7320
foo,7321
foo,7322
foo,7323
foo,7324
foo,7325
foo,7326
foo,7327
foo,7328
foo,7329
foo,7330
foo,7331
foo,7332
foo,7333
foo,7334
foo,7335
foo,7336
foo,7337
foo,7338
foo,7339
foo,7340
foo,7341
foo,7342
foo,7343
foo,7344
foo,7345
foo,7346
foo,7347
foo,7348
foo,7349
foo,7350
foo,7351
foo,7352
foo,7353
foo,7354
foo,7355
foo,7356
foo,7357
foo,7358
foo,7359
foo,7360
foo,7361
foo,7362
foo,7363
foo,7364
foo,7365
foo,7366
foo,7367
foo,7368
foo,7369
foo,7370
foo,7371
foo,7372
foo,7373
foo,7374
foo,7375
foo,7376
foo,7377
foo,7378
foo,7379
foo,7380
foo,7381
foo,7382
foo,7383
foo,7384
foo,7385
foo,7386
foo,7387
foo,7388
foo,7389
foo,7390
foo,7391
foo,7392
foo,7393
foo,7394
foo,7395
foo,7396
foo,7397
foo,7398
foo,7399
foo,7400
foo,7401
foo,7402
foo,7403
foo,7404
foo,7405
foo,7406
foo,7407
foo,7408
foo,7409
foo,7410
foo,7411
foo,7412
foo,7413
foo,7414
foo,7415
foo,7416
foo,7417
foo,7418
foo,7419
foo,7420
foo,7421
foo,7422
foo,7423
foo,7424
foo,7425
foo,7426
foo,7427
foo,7428
foo,7429
foo,7430
foo,7431
foo,7432
foo,7433
foo,7434
foo,7435
foo,7436
foo,7437
foo,7438
foo,7439
foo,7440
foo,7441
foo,7442
foo,7443
foo,7444
foo,7445
foo,7446
foo,7447
foo,7448
foo,7449
foo,7450
foo,7451
foo,7452
foo,7453
foo,7454
foo,7455
foo,7456
foo,7457
foo,7458
foo,7459
foo,7460
foo,7461
foo,7462
foo,7463
foo,7464
foo,7465
foo,7466
foo,7467
foo,7468
foo,7469
foo,7470
foo,7471
foo,7472
foo,7473
foo,7474
foo,7475
foo,7476
foo,7477
foo,7478
foo,7479
foo,7480
foo,7481
foo,7482
foo,7483
foo,7484
foo,7485
foo,7486
foo,7487
foo,7488
foo,7489
foo,7490
foo,7491
foo,7492
foo,7493
foo,7494
foo,7495
foo,7496
foo,7497
foo,7498
foo,7499
foo,7500
foo,7501
foo,7502
foo,7503
foo,7504
foo,7505
foo,7506
foo,7507
foo,7508
foo,7509
foo,7510
foo,7511
foo,7512
foo,7513
foo,7514
foo,7515
foo,7516
foo,7517
foo,7518
foo,7519
foo,7520
foo,7521
foo,7522
foo,7523
foo,7524
foo,7525
foo,7526
foo,7527
foo,7528
foo,7529
foo,7530
foo,7531
foo,7532
foo,7533
foo,7534
foo,7535
foo,7536
foo,7537
foo,7538
foo,7539
foo,7540
foo,7541
foo,7542
foo,7543
foo,7544
foo,7545
foo,7546
foo,7547
foo,7548
foo,7549
foo,7550
foo,7551
foo,7552
foo,7553
foo,7554
foo,7555
foo,7556
foo,7557
foo,7558
foo,7559
foo,7560
foo,7561
foo,7562
foo,7563
foo,7564
foo,7565
foo,7566
foo,7567
foo,7568
foo,7569
foo,7570
foo,7571
foo,7572
foo,7573
foo,7574
foo,7575
foo,7576
foo,7577
foo,7578
foo,7579
foo,7580
foo,7581
foo,7582
foo,7583
foo,7584
foo,7585
foo,7586
foo,7587
foo,7588
foo,7589
foo,7590
foo,7591
foo,7592
foo,7593
foo,7594
foo,7595
foo,7596
foo,7597
foo,7598
foo,7599
foo,7600
foo,7601
foo,7602
foo,7603
foo,7604
foo,7605
foo,7606
foo,7607
foo,7608
foo,7609
foo,7610
foo,7611
foo,7612
foo,7613
foo,7614
foo,7615
foo,7616
foo,7617
foo,7618
foo,7619
foo,7620
foo,7621
foo,7622
foo,7623
foo,7624
foo,7625
foo,7626
foo,7627
foo,7628
foo,7629
foo,7630
foo,7631
foo,7632
foo,7633
foo,7634
foo,7635
foo,7636
foo,7637
foo,7638
foo,7639
foo,7640
foo,7641
foo,7642
foo,7643
foo,7644
foo,7645
foo,7646
foo,7647
foo,7648
foo,7649
foo,7650
foo,7651
foo,7652
foo,7653
foo,7654
foo,7655
foo,7656
foo,7657
foo,7658
foo,7659
foo,7660
foo,7661
foo,7662
foo,7663
foo,7664
foo,7665
foo,7666
foo,7667
foo,7668
foo,7669
foo,7670
foo,7671
foo,7672
foo,7673
foo,7674
foo,7675
foo,7676
foo,7677
foo,7678
foo,7679
foo,7680
foo,7681
foo,7682
foo,7683
foo,7684
foo,7685
foo,7686
foo,7687
foo,7688
foo,7689
foo,7690
foo,7691
foo,7692
foo,7693
foo,7694
foo,7695
foo,7696
foo,7697
foo,7698
foo,7699
foo,7700
foo,7701
foo,7702
foo,7703
foo,7704
foo,7705
foo,7706
foo,7707
foo,7708
foo,7709
foo,7710
foo,7711
foo,7712
foo,7713
foo,7714
foo,7715
foo,7716
foo,7717
foo,7718
foo,7719
foo,7720
foo,7721
foo,7722
foo,7723
foo,7724
foo,7725
foo,7726
foo,7727
foo,7728
foo,7729
foo,7730
foo,7731
foo,7732
foo,7733
foo,7734
foo,7735
foo,7736
foo,7737
foo,7738
foo,7739
foo,7740
foo,7741
foo,7742
foo,7743
foo,7744
foo,7745
foo,7746
foo,7747
foo,7748
foo,7749
foo,7750
foo,7751
foo,7752
foo,7753
foo,7754
foo,7755
foo,7756
foo,7757
foo,7758
foo,7759
foo,7760
foo,7761
foo,7762
foo,7763
foo,7764
foo,7765
foo,7766
foo,7767
foo,7768
foo,7769
foo,7770
foo,7771
foo,7772
foo,7773
foo,7774
foo,7775
foo,7776
foo,7777
foo,7778
foo,7779
foo,7780
foo,7781
foo,7782
foo,7783
foo,7784
foo,7785
foo,7786
foo,7787
foo,7788
foo,7789
foo,7790
foo,7791
foo,7792
foo,7793
foo,7794
foo,7795
foo,7796
foo,7797
foo,7798
foo,7799
foo,7800
foo,7801
foo,7802
foo,7803
foo,7804
foo,7805
foo,7806
foo,7807
foo,7808
foo,7809
foo,7810
foo,7811
foo,7812
foo,7813
foo,7814
foo,7815
foo,7816
foo,7817
foo,7818
foo,7819
foo,7820
foo,7821
foo,7822
foo,7823
foo,7824
foo,7825
foo,7826
foo,7827
foo,7828
foo,7829
foo,7830
foo,7831
foo,7832
foo,7833
foo,7834
foo,7835
foo,7836
foo,7837
foo,7838
foo,7839
foo,7840
foo,7841
foo,7842
foo,7843
foo,7844
foo,7845
foo,7846
foo,7847
foo,7848
foo,7849
foo,7850
foo,7851
foo,7852
foo,7853
foo,7854
foo,7855
foo,7856
foo,7857
foo,7858
foo,7859
foo,7860
foo,7861
foo,7862
foo,7863
foo,7864
foo,7865
foo,7866
foo,7867
foo,7868
foo,7869
foo,7870
foo,7871
foo,7872
foo,7873
foo,7874
foo,7875
foo,7876
foo,7877
foo,7878
foo,7879
foo,7880
foo,7881
foo,7882
foo,7883
foo,7884
foo,7885
foo,7886
foo,7887
foo,7888
foo,7889
foo,7890
foo,7891
foo,7892
foo,7893
foo,7894
foo,7895
foo,7896
foo,7897
foo,7898
foo,7899
foo,7900
foo,7901
foo,7902
foo,7903
foo,7904
foo,7905
foo,7906
foo,7907
foo,7908
foo,7909
foo,7910
foo,7911
foo,7912
foo,7913
foo,7914
foo,7915
foo,7916
foo,7917
foo,7918
foo,7919
foo,7920
foo,7921
foo,7922
foo,7923
foo,7924
foo,7925
foo,7926
foo,7927
foo,7928
foo,7929
foo,7930
foo,7931
foo,7932
foo,7933
foo,7934
foo,7935
foo,7936
foo,7937
foo,7938
foo,7939
foo,7940
foo,7941
foo,7942
foo,7943
foo,7944
foo,7945
foo,7946
foo,7947
foo,7948
foo,7949
foo,7950
foo,7951
foo,7952
foo,7953
foo,7954
foo,7955
foo,7956
foo,7957
foo,7958
foo,7959
foo,7960
foo,7961
foo,7962
foo,7963
foo,7964
foo,7965
foo,7966
foo,7967
foo,7968
foo,7969
foo,7970
foo,7971
foo,7972
foo,7973
foo,7974
foo,7975
foo,7976
foo,7977
foo,7978
foo,7979
foo,7980
foo,7981
foo,7982
foo,7983
foo,7984
foo,7985
foo,7986
foo,7987
foo,7988
foo,7989
foo,7990
foo,7991
foo,7992
foo,7993
foo,7994
foo,7995
foo,7996
foo,7997
foo,7998
foo,7999
foo,8000
foo,8001
foo,8002
foo,8003
foo,8004
foo,8005
foo,8006
foo,8007
foo,8008
foo,8009
foo,8010
foo,8011
foo,8012
foo,8013
foo,8014
foo,8015
foo,8016
foo,8017
foo,8018
foo,8019
foo,8020
foo,8021
foo,8022
foo,8023
foo,8024
foo,8025
foo,8026
foo,8027
foo,8028
foo,8029
foo,8030
foo,8031
foo,8032
foo,8033
foo,8034
foo,8035
foo,8036
foo,8037
foo,8038
foo,8039
foo,8040
foo,8041
foo,8042
foo,8043
foo,8044
foo,8045
foo,8046
foo,8047
foo,8048
foo,8049
foo,8050
foo,8051
foo,8052
foo,8053
foo,8054
foo,8055
foo,8056
foo,8057
foo,8058
foo,8059
foo,8060
foo,8061
foo,8062
foo,8063
foo,8064
foo,8065
foo,8066
foo,8067
foo,8068
foo,8069
foo,8070
foo,8071
foo,8072
foo,8073
foo,8074
foo,8075
foo,8076
foo,8077
foo,8078
foo,8079
foo,8080
foo,8081
foo,8082
foo,8083
foo,8084
foo,8085
foo,8086
foo,8087
foo,8088
foo,8089
foo,8090
foo,8091
foo,8092
foo,8093
foo,8094
foo,8095
foo,8096
foo,8097
foo,8098
foo,8099
foo,8100
foo,8101
foo,8102
foo,8103
foo,8104
foo,8105
foo,8106
foo,8107
foo,8108
foo,8109
foo,8110
foo,8111
foo,8112
foo,8113
foo,8114
foo,8115
foo,8116
foo,8117
foo,8118
foo,8119
foo,8120
foo,8121
foo,8122
foo,8123
foo,8124
foo,8125
foo,8126
foo,8127
foo,8128
foo,8129
foo,8130
foo,8131
foo,8132
foo,8133
foo,8134
foo,8135
foo,8136
foo,8137
foo,8138
foo,8139
foo,8140
foo,8141
foo,8142
foo,8143
foo,8144
foo,8145
foo,8146
foo,8147
foo,8148
foo,8149
foo,8150
foo,8151
foo,8152
foo,8153
foo,8154
foo,8155
foo,8156
foo,8157
foo,8158
foo,8159
foo,8160
foo,8161
foo,8162
foo,8163
foo,8164
foo,8165
foo,8166
foo,8167
foo,8168
foo,8169
foo,8170
foo,8171
foo,8172
foo,8173
foo,8174
foo,8175
foo,8176
foo,8177
foo,8178
foo,8179
foo,8180
foo,8181
foo,8182
foo,8183
foo,8184
foo,8185
foo,8186
foo,8187
foo,8188
foo,8189
foo,8190
foo,8191
foo,8192
foo,8193
foo,8194
foo,8195
foo,8196
foo,8197
foo,8198
foo,8199
foo,8200
foo,8201
foo,8202
foo,8203
foo,8204
foo,8205
foo,8206
foo,8207
foo,8208
foo,8209
foo,8210
foo,8211
foo,8212
foo,8213
foo,8214
foo,8215
foo,8216
foo,8217
foo,8218
foo,8219
foo,8220
foo,8221
foo,8222
foo,8223
foo,8224
foo,8225
foo,8226
foo,8227
foo,8228
foo,8229
foo,8230
foo,8231
foo,8232
foo,8233
foo,8234
foo,8235
foo,8236
foo,8237
foo,8238
foo,8239
foo,8240
foo,8241
foo,8242
foo,8243
foo,8244
foo,8245
foo,8246
foo,8247
foo,8248
foo,8249
foo,8250
foo,8251
foo,8252
foo,8253
foo,8254
foo,8255
foo,8256
foo,8257
foo,8258
foo,8259
foo,8260
foo,8261
foo,8262
foo,8263
foo,8264
foo,8265
foo,8266
foo,8267
foo,8268
foo,8269
foo,8270
foo,8271
foo,8272
foo,8273
foo,8274
foo,8275
foo,8276
foo,8277
foo,8278
foo,8279
foo,8280
foo,8281
foo,8282
foo,8283
foo,8284
foo,8285
foo,8286
foo,8287
foo,8288
foo,8289
foo,8290
foo,8291
foo,8292
foo,8293
foo,8294
foo,8295
foo,8296
foo,8297
foo,8298
foo,8299
foo,8300
foo,8301
foo,8302
foo,8303
foo,8304
foo,8305
foo,8306
foo,8307
foo,8308
foo,8309
foo,8310
foo,8311
foo,8312
foo,8313
foo,8314
foo,8315
foo,8316
foo,8317
foo,8318
foo,8319
foo,8320
foo,8321
foo,8322
foo,8323
foo,8324
foo,8325
foo,8326
foo,8327
foo,8328
foo,8329
foo,8330
foo,8331
foo,8332
foo,8333
foo,8334
foo,8335
foo,8336
foo,8337
foo,8338
foo,8339
foo,8340
foo,8341
foo,8342
foo,8343
foo,8344
foo,8345
foo,8346
foo,8347
foo,8348
foo,8349
foo,8350
foo,8351
foo,8352
foo,8353
foo,8354
foo,8355
foo,8356
foo,8357
foo,8358
foo,8359
foo,8360
foo,8361
foo,8362
foo,8363
foo,8364
foo,8365
foo,8366
foo,8367
foo,8368
foo,8369
foo,8370
foo,8371
foo,8372
foo,8373
foo,8374
foo,8375
foo,8376
foo,8377
foo,8378
foo,8379
foo,8380
foo,8381
foo,8382
foo,8383
foo,8384
foo,8385
foo,8386
foo,8387
foo,8388
foo,8389
foo,8390
foo,8391
foo,8392
foo,8393
foo,8394
foo,8395
foo,8396
foo,8397
foo,8398
foo,8399
foo,8400
foo,8401
foo,8402
foo,8403
foo,8404
foo,8405
foo,8406
foo,8407
foo,8408
foo,8409
foo,8410
foo,8411
foo,8412
foo,8413
foo,8414
foo,8415
foo,8416
foo,8417
foo,8418
foo,8419
foo,8420
foo,8421
foo,8422
foo,8423
foo,8424
foo,8425
foo,8426
foo,8427
foo,8428
foo,8429
foo,8430
foo,8431
foo,8432
foo,8433
foo,8434
foo,8435
foo,8436
foo,8437
foo,8438
foo,8439
foo,8440
foo,8441
foo,8442
foo,8443
foo,8444
foo,8445
foo,8446
foo,8447
foo,8448
foo,8449
foo,8450
foo,8451
foo,8452
foo,8453
foo,8454
foo,8455
foo,8456
foo,8457
foo,8458
foo,8459
foo,8460
foo,8461
foo,8462
foo,8463
foo,8464
foo,8465
foo,8466
foo,8467
foo,8468
foo,8469
foo,8470
foo,8471
foo,8472
foo,8473
foo,8474
foo,8475
foo,8476
foo,8477
foo,8478
foo,8479
foo,8480
foo,8481
foo,8482
foo,8483
foo,8484
foo,8485
foo,8486
foo,8487
foo,8488
foo,8489
foo,8490
foo,8491
foo,8492
foo,8493
foo,8494
foo,8495
foo,8496
foo,8497
foo,8498
foo,8499
foo,8500
foo,8501
foo,8502
foo,8503
foo,8504
foo,8505
foo,8506
foo,8507
foo,8508
foo,8509
foo,8510
foo,8511
foo,8512
foo,8513
foo,8514
foo,8515
foo,8516
foo,8517
foo,8518
foo,8519
foo,8520
foo,8521
foo,8522
foo,8523
foo,8524
foo,8525
foo,8526
foo,8527
foo,8528
foo,8529
foo,8530
foo,8531
foo,8532
foo,8533
foo,8534
foo,8535
foo,8536
foo,8537
foo,8538
foo,8539
foo,8540
foo,8541
foo,8542
foo,8543
foo,8544
foo,8545
foo,8546
foo,8547
foo,8548
foo,8549
foo,8550
foo,8551
foo,8552
foo,8553
foo,8554
foo,8555
foo,8556
foo,8557
foo,8558
foo,8559
foo,8560
foo,8561
foo,8562
foo,8563
foo,8564
foo,8565
foo,8566
foo,8567
foo,8568
foo,8569
foo,8570
foo,8571
foo,8572
foo,8573
foo,8574
foo,8575
foo,8576
foo,8577
foo,8578
foo,8579
foo,8580
foo,8581
foo,8582
foo,8583
foo,8584
foo,8585
foo,8586
foo,8587
foo,8588
foo,8589
foo,8590
foo,8591
foo,8592
foo,8593
foo,8594
foo,8595
foo,8596
foo,8597
foo,8598
foo,8599
foo,8600
foo,8601
foo,8602
foo,8603
foo,8604
foo,8605
foo,8606
foo,8607
foo,8608
foo,8609
foo,8610
foo,8611
foo,8612
foo,8613
foo,8614
foo,8615
foo,8616
foo,8617
foo,8618
foo,8619
foo,8620
foo,8621
foo,8622
foo,8623
foo,8624
foo,8625
foo,8626
foo,8627
foo,8628
foo,8629
foo,8630
foo,8631
foo,8632
foo,8633
foo,8634
foo,8635
foo,8636
foo,8637
foo,8638
foo,8639
foo,8640
foo,8641
foo,8642
foo,8643
foo,8644
foo,8645
foo,8646
foo,8647
foo,8648
foo,8649
foo,8650
foo,8651
foo,8652
foo,8653
foo,8654
foo,8655
foo,8656
foo,8657
foo,8658
foo,8659
foo,8660
foo,8661
foo,8662
foo,8663
foo,8664
foo,8665
foo,8666
foo,8667
foo,8668
foo,8669
foo,8670
foo,8671
foo,8672
foo,8673
foo,8674
foo,8675
foo,8676
foo,8677
foo,8678
foo,8679
foo,8680
foo,8681
foo,8682
foo,8683
foo,8684
foo,8685
foo,8686
foo,8687
foo,8688
foo,8689
foo,8690
foo,8691
foo,8692
foo,8693
foo,8694
foo,8695
foo,8696
foo,8697
foo,8698
foo,8699
foo,8700
foo,8701
foo,8702
foo,8703
foo,8704
foo,8705
foo,8706
foo,8707
foo,8708
foo,8709
foo,8710
foo,8711
foo,8712
foo,8713
foo,8714
foo,8715
foo,8716
foo,8717
foo,8718
foo,8719
foo,8720
foo,8721
foo,8722
foo,8723
foo,8724
foo,8725
foo,8726
foo,8727
foo,8728
foo,8729
foo,8730
foo,8731
foo,8732
foo,8733
foo,8734
foo,8735
foo,8736
foo,8737
foo,8738
foo,8739
foo,8740
foo,8741
foo,8742
foo,8743
foo,8744
foo,8745
foo,8746
foo,8747
foo,8748
foo,8749
foo,8750
foo,8751
foo,8752
foo,8753
foo,8754
foo,8755
foo,8756
foo,8757
foo,8758
foo,8759
foo,8760
foo,8761
foo,8762
foo,8763
foo,8764
foo,8765
foo,8766
foo,8767
foo,8768
foo,8769
foo,8770
foo,8771
foo,8772
foo,8773
foo,8774
foo,8775
foo,8776
foo,8777
foo,8778
foo,8779
foo,8780
foo,8781
foo,8782
foo,8783
foo,8784
foo,8785
foo,8786
foo,8787
foo,8788
foo,8789
foo,8790
foo,8791
foo,8792
foo,8793
foo,8794
foo,8795
foo,8796
foo,8797
foo,8798
foo,8799
foo,8800
foo,8801
foo,8802
foo,8803
foo,8804
foo,8805
foo,8806
foo,8807
foo,8808
foo,8809
foo,8810
foo,8811
foo,8812
foo,8813
foo,8814
foo,8815
foo,8816
foo,8817
foo,8818
foo,8819
foo,8820
foo,8821
foo,8822
foo,8823
foo,8824
foo,8825
foo,8826
foo,8827
foo,8828
foo,8829
foo,8830
foo,8831
foo,8832
foo,8833
foo,8834
foo,8835
foo,8836
foo,8837
foo,8838
foo,8839
foo,8840
foo,8841
foo,8842
foo,8843
foo,8844
foo,8845
foo,8846
foo,8847
foo,8848
foo,8849
foo,8850
foo,8851
foo,8852
foo,8853
foo,8854
foo,8855
foo,8856
foo,8857
foo,8858
foo,8859
foo,8860
foo,8861
foo,8862
foo,8863
foo,8864
foo,8865
foo,8866
foo,8867
foo,8868
foo,8869
foo,8870
foo,8871
foo,8872
foo,8873
foo,8874
foo,8875
foo,8876
foo,8877
foo,8878
foo,8879
foo,8880
foo,8881
foo,8882
foo,8883
foo,8884
foo,8885
foo,8886
foo,8887
foo,8888
foo,8889
foo,8890
foo,8891
foo,8892
foo,8893
foo,8894
foo,8895
foo,8896
foo,8897
foo,8898
foo,8899
foo,8900
foo,8901
foo,8902
foo,8903
foo,8904
foo,8905
foo,8906
foo,8907
foo,8908
foo,8909
foo,8910
foo,8911
foo,8912
foo,8913
foo,8914
foo,8915
foo,8916
foo,8917
foo,8918
foo,8919
foo,8920
foo,8921
foo,8922
foo,8923
foo,8924
foo,8925
foo,8926
foo,8927
foo,8928
foo,8929
foo,8930
foo,8931
foo,8932
foo,8933
foo,8934
foo,8935
foo,8936
foo,8937
foo,8938
foo,8939
foo,8940
foo,8941
foo,8942
foo,8943
foo,8944
foo,8945
foo,8946
foo,8947
foo,8948
foo,8949
foo,8950
foo,8951
foo,8952
foo,8953
foo,8954
foo,8955
foo,8956
foo,8957
foo,8958
foo,8959
foo,8960
foo,8961
foo,8962
foo,8963
foo,8964
foo,8965
foo,8966
foo,8967
foo,8968
foo,8969
foo,8970
foo,8971
foo,8972
foo,8973
foo,8974
foo,8975
foo,8976
foo,8977
foo,8978
foo,8979
foo,8980
foo,8981
foo,8982
foo,8983
foo,8984
foo,8985
foo,8986
foo,8987
foo,8988
foo,8989
foo,8990
foo,8991
foo,8992
foo,8993
foo,8994
foo,8995
foo,8996
foo,8997
foo,8998
foo,8999
foo,9000
foo,9001
foo,9002
foo,9003
foo,9004
foo,9005
foo,9006
foo,9007
foo,9008
foo,9009
foo,9010
foo,9011
foo,9012
foo,9013
foo,9014
foo,9015
foo,9016
foo,9017
foo,9018
foo,9019
foo,9020
foo,9021
foo,9022
foo,9023
foo,9024
foo,9025
foo,9026
foo,9027
foo,9028
foo,9029
foo,9030
foo,9031
foo,9032
foo,9033
foo,9034
foo,9035
foo,9036
foo,9037
foo,9038
foo,9039
foo,9040
foo,9041
foo,9042
foo,9043
foo,9044
foo,9045
foo,9046
foo,9047
foo,9048
foo,9049
foo,9050
foo,9051
foo,9052
foo,9053
foo,9054
foo,9055
foo,9056
foo,9057
foo,9058
foo,9059
foo,9060
foo,9061
foo,9062
foo,9063
foo,9064
foo,9065
foo,9066
foo,9067
foo,9068
foo,9069
foo,9070
foo,9071
foo,9072
foo,9073
foo,9074
foo,9075
foo,9076
foo,9077
foo,9078
foo,9079
foo,9080
foo,9081
foo,9082
foo,9083
foo,9084
foo,9085
foo,9086
foo,9087
foo,9088
foo,9089
foo,9090
foo,9091
foo,9092
foo,9093
foo,9094
foo,9095
foo,9096
foo,9097
foo,9098
foo,9099
foo,9100
foo,9101
foo,9102
foo,9103
foo,9104
foo,9105
foo,9106
foo,9107
foo,9108
foo,9109
foo,9110
foo,9111
foo,9112
foo,9113
foo,9114
foo,9115
foo,9116
foo,9117
foo,9118
foo,9119
foo,9120
foo,9121
foo,9122
foo,9123
foo,9124
foo,9125
foo,9126
foo,9127
foo,9128
foo,9129
foo,9130
foo,9131
foo,9132
foo,9133
foo,9134
foo,9135
foo,9136
foo,9137
foo,9138
foo,9139
foo,9140
foo,9141
foo,9142
foo,9143
foo,9144
foo,9145
foo,9146
foo,9147
foo,9148
foo,9149
foo,9150
foo,9151
foo,9152
foo,9153
foo,9154
foo,9155
foo,9156
foo,9157
foo,9158
foo,9159
foo,9160
foo,9161
foo,9162
foo,9163
foo,9164
foo,9165
foo,9166
foo,9167
foo,9168
foo,9169
foo,9170
foo,9171
foo,9172
foo,9173
foo,9174
foo,9175
foo,9176
foo,9177
foo,9178
foo,9179
foo,9180
foo,9181
foo,9182
foo,9183
foo,9184
foo,9185
foo,9186
foo,9187
foo,9188
foo,9189
foo,9190
foo,9191
foo,9192
foo,9193
foo,9194
foo,9195
foo,9196
foo,9197
foo,9198
foo,9199
foo,9200
foo,9201
foo,9202
foo,9203
foo,9204
foo,9205
foo,9206
foo,9207
foo,9208
foo,9209
foo,9210
foo,9211
foo,9212
foo,9213
foo,9214
foo,9215
foo,9216
foo,9217
foo,9218
foo,9219
foo,9220
foo,9221
foo,9222
foo,9223
foo,9224
foo,9225
foo,9226
foo,9227
foo,9228
foo,9229
foo,9230
foo,9231
foo,9232
foo,9233
foo,9234
foo,9235
foo,9236
foo,9237
foo,9238
foo,9239
foo,9240
foo,9241
foo,9242
foo,9243
foo,9244
foo,9245
foo,9246
foo,9247
foo,9248
foo,9249
foo,9250
foo,9251
foo,9252
foo,9253
foo,9254
foo,9255
foo,9256
foo,9257
foo,9258
foo,9259
foo,9260
foo,9261
foo,9262
foo,9263
foo,9264
foo,9265
foo,9266
foo,9267
foo,9268
foo,9269
foo,9270
foo,9271
foo,9272
foo,9273
foo,9274
foo,9275
foo,9276
foo,9277
foo,9278
foo,9279
foo,9280
foo,9281
foo,9282
foo,9283
foo,9284
foo,9285
foo,9286
foo,9287
foo,9288
foo,9289
foo,9290
foo,9291
foo,9292
foo,9293
foo,9294
foo,9295
foo,9296
foo,9297
foo,9298
foo,9299
foo,9300
foo,9301
foo,9302
foo,9303
foo,9304
foo,9305
foo,9306
foo,9307
foo,9308
foo,9309
foo,9310
foo,9311
foo,9312
foo,9313
foo,9314
foo,9315
foo,9316
foo,9317
foo,9318
foo,9319
foo,9320
foo,9321
foo,9322
foo,9323
foo,9324
foo,9325
foo,9326
foo,9327
foo,9328
foo,9329
foo,9330
foo,9331
foo,9332
foo,9333
foo,9334
foo,9335
foo,9336
foo,9337
foo,9338
foo,9339
foo,9340
foo,9341
foo,9342
foo,9343
foo,9344
foo,9345
foo,9346
foo,9347
foo,9348
foo,9349
foo,9350
foo,9351
foo,9352
foo,9353
foo,9354
foo,9355
foo,9356
foo,9357
foo,9358
foo,9359
foo,9360
foo,9361
foo,9362
foo,9363
foo,9364
foo,9365
foo,9366
foo,9367
foo,9368
foo,9369
foo,9370
foo,9371
foo,9372
foo,9373
foo,9374
foo,9375
foo,9376
foo,9377
foo,9378
foo,9379
foo,9380
foo,9381
foo,9382
foo,9383
foo,9384
foo,9385
foo,9386
foo,9387
foo,9388
foo,9389
foo,9390
foo,9391
foo,9392
foo,9393
foo,9394
foo,9395
foo,9396
foo,9397
foo,9398
foo,9399
foo,9400
foo,9401
foo,9402
foo,9403
foo,9404
foo,9405
foo,9406
foo,9407
foo,9408
foo,9409
foo,9410
foo,9411
foo,9412
foo,9413
foo,9414
foo,9415
foo,9416
foo,9417
foo,9418
foo,9419
foo,9420
foo,9421
foo,9422
foo,9423
foo,9424
foo,9425
foo,9426
foo,9427
foo,9428
foo,9429
foo,9430
foo,9431
foo,9432
foo,9433
foo,9434
foo,9435
foo,9436
foo,9437
foo,9438
foo,9439
foo,9440
foo,9441
foo,9442
foo,9443
foo,9444
foo,9445
foo,9446
foo,9447
foo,9448
foo,9449
foo,9450
foo,9451
foo,9452
foo,9453
foo,9454
foo,9455
foo,9456
foo,9457
foo,9458
foo,9459
foo,9460
foo,9461
foo,9462
foo,9463
foo,9464
foo,9465
foo,9466
foo,9467
foo,9468
foo,9469
foo,9470
foo,9471
foo,9472
foo,9473
foo,9474
foo,9475
foo,9476
foo,9477
foo,9478
foo,9479
foo,9480
foo,9481
foo,9482
foo,9483
foo,9484
foo,9485
foo,9486
foo,9487
foo,9488
foo,9489
foo,9490
foo,9491
foo,9492
foo,9493
foo,9494
foo,9495
foo,9496
foo,9497
foo,9498
foo,9499
foo,9500
foo,9501
foo,9502
foo,9503
foo,9504
foo,9505
foo,9506
foo,9507
foo,9508
foo,9509
foo,9510
foo,9511
foo,9512
foo,9513
foo,9514
foo,9515
foo,9516
foo,9517
foo,9518
foo,9519
foo,9520
foo,9521
foo,9522
foo,9523
foo,9524
foo,9525
foo,9526
foo,9527
foo,9528
foo,9529
foo,9530
foo,9531
foo,9532
foo,9533
foo,9534
foo,9535
foo,9536
foo,9537
foo,9538
foo,9539
foo,9540
foo,9541
foo,9542
foo,9543
foo,9544
foo,9545
foo,9546
foo,9547
foo,9548
foo,9549
foo,9550
foo,9551
foo,9552
foo,9553
foo,9554
foo,9555
foo,9556
foo,9557
foo,9558
foo,9559
foo,9560
foo,9561
foo,9562
foo,9563
foo,9564
foo,9565
foo,9566
foo,9567
foo,9568
foo,9569
foo,9570
foo,9571
foo,9572
foo,9573
foo,9574
foo,9575
foo,9576
foo,9577
foo,9578
foo,9579
foo,9580
foo,9581
foo,9582
foo,9583
foo,9584
foo,9585
foo,9586
foo,9587
foo,9588
foo,9589
foo,9590
foo,9591
foo,9592
foo,9593
foo,9594
foo,9595
foo,9596
foo,9597
foo,9598
foo,9599
foo,9600
foo,9601
foo,9602
foo,9603
foo,9604
foo,9605
foo,9606
foo,9607
foo,9608
foo,9609
foo,9610
foo,9611
foo,9612
foo,9613
foo,9614
foo,9615
foo,9616
foo,9617
foo,9618
foo,9619
foo,9620
foo,9621
foo,9622
foo,9623
foo,9624
foo,9625
foo,9626
foo,9627
foo,9628
foo,9629
foo,9630
foo,9631
foo,9632
foo,9633
foo,9634
foo,9635
foo,9636
foo,9637
foo,9638
foo,9639
foo,9640
foo,9641
foo,9642
foo,9643
foo,9644
foo,9645
foo,9646
foo,9647
foo,9648
foo,9649
foo,9650
foo,9651
foo,9652
foo,9653
foo,9654
foo,9655
foo,9656
foo,9657
foo,9658
foo,9659
foo,9660
foo,9661
foo,9662
foo,9663
foo,9664
foo,9665
foo,9666
foo,9667
foo,9668
foo,9669
foo,9670
foo,9671
foo,9672
foo,9673
foo,9674
foo,9675
foo,9676
foo,9677
foo,9678
foo,9679
foo,9680
foo,9681
foo,9682
foo,9683
foo,9684
foo,9685
foo,9686
foo,9687
foo,9688
foo,9689
foo,9690
foo,9691
foo,9692
foo,9693
foo,9694
foo,9695
foo,9696
foo,9697
foo,9698
foo,9699
foo,9700
foo,9701
foo,9702
foo,9703
foo,9704
foo,9705
foo,9706
foo,9707
foo,9708
foo,9709
foo,9710
foo,9711
foo,9712
foo,9713
foo,9714
foo,9715
foo,9716
foo,9717
foo,9718
foo,9719
foo,9720
foo,9721
foo,9722
foo,9723
foo,9724
foo,9725
foo,9726
foo,9727
foo,9728
foo,9729
foo,9730
foo,9731
foo,9732
foo,9733
foo,9734
foo,9735
foo,9736
foo,9737
foo,9738
foo,9739
foo,9740
foo,9741
foo,9742
foo,9743
foo,9744
foo,9745
foo,9746
foo,9747
foo,9748
foo,9749
foo,9750
foo,9751
foo,9752
foo,9753
foo,9754
foo,9755
foo,9756
foo,9757
foo,9758
foo,9759
foo,9760
foo,9761
foo,9762
foo,9763
foo,9764
foo,9765
foo,9766
foo,9767
foo,9768
foo,9769
foo,9770
foo,9771
foo,9772
foo,9773
foo,9774
foo,9775
foo,9776
foo,9777
foo,9778
foo,9779
foo,9780
foo,9781
foo,9782
foo,9783
foo,9784
foo,9785
foo,9786
foo,9787
foo,9788
foo,9789
foo,9790
foo,9791
foo,9792
foo,9793
foo,9794
foo,9795
foo,9796
foo,9797
foo,9798
foo,9799
foo,9800
foo,9801
foo,9802
foo,9803
foo,9804
foo,9805
foo,9806
foo,9807
foo,9808
foo,9809
foo,9810
foo,9811
foo,9812
foo,9813
foo,9814
foo,9815
foo,9816
foo,9817
foo,9818
foo,9819
foo,9820
foo,9821
foo,9822
foo,9823
foo,9824
foo,9825
foo,9826
foo,9827
foo,9828
foo,9829
foo,9830
foo,9831
foo,9832
foo,9833
foo,9834
foo,9835
foo,9836
foo,9837
foo,9838
foo,9839
foo,9840
foo,9841
foo,9842
foo,9843
foo,9844
foo,9845
foo,9846
foo,9847
foo,9848
foo,9849
foo,9850
foo,9851
foo,9852
foo,9853
foo,9854
foo,9855
foo,9856
foo,9857
foo,9858
foo,9859
foo,9860
foo,9861
foo,9862
foo,9863
foo,9864
foo,9865
foo,9866
foo,9867
foo,9868
foo,9869
foo,9870
foo,9871
foo,9872
foo,9873
foo,9874
foo,9875
foo,9876
foo,9877
foo,9878
foo,9879
foo,9880
foo,9881
foo,9882
foo,9883
foo,9884
foo,9885
foo,9886
foo,9887
foo,9888
foo,9889
foo,9890
foo,9891
foo,9892
foo,9893
foo,9894
foo,9895
foo,9896
foo,9897
foo,9898
foo,9899
foo,9900
foo,9901
foo,9902
foo,9903
foo,9904
foo,9905
foo,9906
foo,9907
foo,9908
foo,9909
foo,9910
foo,9911
foo,9912
foo,9913
foo,9914
foo,9915
foo,9916
foo,9917
foo,9918
foo,9919
foo,9920
foo,9921
foo,9922
foo,9923
foo,9924
foo,9925
foo,9926
foo,9927
foo,9928
foo,9929
foo,9930
foo,9931
foo,9932
foo,9933
foo,9934
foo,9935
foo,9936
foo,9937
foo,9938
foo,9939
foo,9940
foo,9941
foo,9942
foo,9943
foo,9944
foo,9945
foo,9946
foo,9947
foo,9948
foo,9949
foo,9950
foo,9951
foo,9952
foo,9953
foo,9954
foo,9955
foo,9956
foo,9957
foo,9958
foo,9959
foo,9960
foo,9961
foo,9962
foo,9963
foo,9964
foo,9965
foo,9966
foo,9967
foo,9968
foo,9969
foo,9970
foo,9971
foo,9972
foo,9973
foo,9974
foo,9975
foo,9976
foo,9977
foo,9978
foo,9979
foo,9980
foo,9981
foo,9982
foo,9983
foo,9984
foo,9985
foo,9986
foo,9987
foo,9988
foo,9989
foo,9990
foo,9991
foo,9992
foo,9993
foo,9994
foo,9995
foo,9996
foo,9997
foo,9998
foo,9999
foo,10000
