domain,posn
alstom.ca,first
alstom.co.th,first
alstom.com,first
alstom.com,
alstom.com,
alstom.com,
alstom.com,
alstom.com,
alstom.com,
alstom.com,
alstom.com,
alstom.com,
alstom.com,
alstom.com,
alstom.com,
alstom.com,
alstom.com,
alstom.com,
alstom.com,
alstom.com,
alstom.com,
alstom.com,
alstom.com,
alstom.com,
alstom.com,
alstom.com,
alstom.com,
alstom.com,
alstom.com,
alstom.com,
alstom.com,
alstom.com,
alstom.com,
alstom.com,
alstom.com,
alstom.com,
alstom.com,
alstom.com,
alstom.com,
alstom.com,
alstom.com,
alstom.com,
alstom.com,
alstom.com,
alstom.com,
alstom.com,
alstom.com,
alstom.com,
alstom.com,
alstom.com,
alstom.com,
alstom.com,
alstom.com,
alstom.com,
alstom.com,
alstom.com,
alstom.com,
alstom.com,
alstom.com,
alstom.com,
alstom.com,
alstom.com,
alstom.com,
alstom.com,
alstom.com,
alstom.com,
alstom.com,
alstom.com,
alstom.com,
alstom.com,
alstom.com,
alstom.com,
alstom.com,
alstom.com,
alstom.com,
alstom.com,
alstom.com,
alstom.com,
alstom.com,
alstom.com,
alstom.com,
alstom.com,
alstom.com,
alstom.com,
alstom.com,
alstom.com,
alstom.com,
alstom.com,
alstom.com,
alstom.com,
alstom.com,
alstom.com,
alstom.com,
alstom.com,
alstom.com,
alstom.com,
alstom.com,
alstom.com,
alstom.com,
alstom.com,
alstom.com,
alstom.com,
alstom.com,
alstom.com,
alstom.com,
alstom.com,
alstom.com,
alstom.com,
alstom.com,
alstom.com,
alstom.com,
alstom.com,
alstom.com,
alstom.com,
alstom.com,
alstom.com,
alstom.com,
alstom.com,
alstom.com,
alstom.com,
alstom.com,
alstom.com,
alstom.com,
alstom.com,
alstom.com,
alstom.com,
alstom.com,
alstom.com,
alstom.com,
alstom.com,
alstom.com,
alstom.com,
alstom.com,
alstom.com,
alstom.com,
alstom.com,
alstom.com,
alstom.com,
alstom.com,
alstom.com,
alstom.com,
alstom.com,
alstom.com,
alstom.com,
alstom.com,
alstom.com,
alstom.com,
alstom.com,
alstom.com,
alstom.com,
alstom.com,
alstom.com,
alstom.com,
alstom.com,
alstom.com,
alstom.com,
alstom.com,
alstom.com,
alstom.com,
alstom.com,
alstom.com,
alstom.com,
alstom.com,
alstom.com,
alstom.com,
alstom.com,
alstom.com,
alstom.com,
alstom.com,
alstom.com,
alstom.com,
alstom.com,
alstom.com,
alstom.com,
alstom.com,
alstom.com,
alstom.com,
alstom.com,
alstom.com,
alstom.com,
alstom.com,
alstom.com,
alstom.com,
alstom.com,
alstom.com,
alstom.com,
alstom.com,
alstom.com,
alstom.com,
alstom.com,
alstom.com,
alstom.com,
alstom.com,
alstom.com,
alstom.com,
alstom.com,
alstom.com,
alstom.com,
alstom.com,
alstom.com,
alstom.com,
alstom.com,
alstom.com,
alstom.com,
alstom.com,
alstom.com,
alstom.com,
alstom.com,
alstom.com,
alstom.com,
alstom.com,
alstom.com,
alstom.com,
alstom.com,
alstom.com,
alstom.com,
alstom.com,
alstom.com,
alstom.com,
alstom.com,
alstom.com,
alstom.com,
alstom.com,
alstom.com,
alstom.com,
alstom.com,
alstom.com,
alstom.com,
alstom.com,
alstom.com,
alstom.com,
alstom.com,
alstom.com,
alstom.com,
alstom.com,
alstom.com,
alstom.com,
alstom.com,
alstom.com,
alstom.com,
alstom.com,
alstom.com,
alstom.com,
alstom.com,
alstom.com,
alstom.com,
alstom.com,
alstom.com,
alstom.com,
alstom.com,
alstom.com,
alstom.com,
alstom.com,
alstom.com,
alstom.com,
alstom.com,
alstom.com,
alstom.com,
alstom.com,
alstom.com,
alstom.com,
alstom.com,
alstom.com,
alstom.com,
alstom.com,
alstom.com,
alstom.com,
alstom.com,
alstom.com,
alstom.com,
alstom.com,
alstom.com,
alstom.com,
alstom.com,
alstom.com,
alstom.com,
alstom.com,
alstom.com,
alstom.com,
alstom.com,
alstom.com,
alstom.com,
alstom.com,
alstom.com,
alstom.com,
alstom.com,
alstom.com,
alstom.com,
alstom.com,
alstom.com,
alstom.com,
alstom.com,
alstom.com,
alstom.com,
alstom.com,
alstom.com,
alstom.com,
alstom.com,
alstom.com,
alstom.com,
alstom.com,
alstom.com,
alstom.com,
alstom.com,
alstom.com,
alstom.com,
alstom.com,
alstom.com,
alstom.com,
alstom.com,
alstom.com,
alstom.com,
alstom.com,
alstom.com,
alstom.com,
alstom.com,
alstom.com,
alstom.com,
alstom.com,
alstom.com,
alstom.com,
alstom.com,
alstom.com,
alstom.com,
alstom.com,
alstom.com,
alstom.com,
alstom.com,
alstom.com,
alstom.com,
alstom.com,
alstom.com,
alstom.com,
alstom.com,
alstom.com,
alstom.com,
alstom.com,
alstom.com,
alstom.com,
alstom.com,
alstom.com,
alstom.com,
alstom.com,
alstom.com,
alstom.com,
alstom.com,
alstom.com,
alstom.com,
alstom.com,
alstom.com,
alstom.com,
alstom.com,
alstom.com,
alstom.com,
alstom.com,
alstom.com,
alstom.com,
alstom.com,
alstom.com,
alstom.com,
alstom.com,
alstom.com,
alstom.com,
alstom.com,
alstom.com,
alstom.com,
alstom.com,
alstom.com,
alstom.com,
alstom.com,
alstom.com,
alstom.com,
alstom.com,
alstom.com,
alstom.com,
alstom.com,
alstom.com,
alstom.com,
alstom.com,
alstom.com,
alstom.com,
alstom.com,
alstom.com,
alstom.com,
alstom.com,
alstom.com,
alstom.com,
alstom.com,
alstom.com,
alstom.com,
alstom.com,
alstom.com,
alstom.com,
alstom.com,
alstom.com,
alstom.com,
alstom.com,
alstom.com,
alstom.com,
alstom.com,
alstom.com,
alstom.com,
alstom.com,
alstom.com,
alstom.com,
alstom.com,
alstom.com,
alstom.com,
alstom.com,
alstom.com,
alstom.com,
alstom.com,
alstom.com,
alstom.com,
alstom.com,
alstom.com,
alstom.com,
alstom.com,
alstom.com,
alstom.com,
alstom.com,
alstom.com,
alstom.com,
alstom.com,
alstom.com,
alstom.com,
alstom.com,
alstom.com,
alstom.com,
alstom.com,
alstom.com,
alstom.com,
alstom.com,
alstom.com,
alstom.com,
alstom.com,
alstom.com,
alstom.com,
alstom.com,
alstom.com,last
alstom.com.au,first
alstom.com.br,first
