domain,dr
accuweather.com,567
adparlor.com,637
adweek.com,305
adyen.com,524
angieslist.com,608
autoriteitpersoonsgegevens.nl,397
bigcartel.com,337
bigcommerce.com,326
bizjournals.com,557
businesswire.com,614
calendly.com,312
canva.com,788
chope.co,753
chownow.com,476
clickfunnels.com,414
cnet.com,353
cyberchimps.com,587
dandomain.dk,616
delivery.com,752
deviantart.com,521
doordash.com,400
emarketer.com,710
entrepreneur.com,464
etracker.com,477
evernote.com,739
evidon.com,618
feedly.com,304
format.com,514
formstack.com,709
fortune.com,561
fotolia.com,540
foursquare.com,489
freedomscientific.com,620
freepik.com,491
gartner.com,650
giphy.com,343
gitlab.com,740
glovoapp.com,728
gofundme.com,332
grab.com,713
grubhub.com,446
hibu.com,680
hku.hk,676
hootsuite.com,535
hotjar.com,302
ifood.com.br,599
imgur.com,496
independent.co.uk,593
indiamart.com,692
inmotionhosting.com,412
ispsystem.com,303
jd.com,534
jotform.com,510
just-eat.com,784
kabbage.com,719
kvk.nl,447
mapquest.com,350
mashable.com,438
matterport.com,683
meetup.com,403
mijndomein.nl,439
moz.com,563
mynavi.jp,565
nature.com,533
npmjs.com,651
olapic.com,647
onetrust.com,597
patreon.com,298
postmates.com,574
quantcast.com,551
quora.com,591
raise.com,794
researchgate.net,411
scribd.com,786
seamless.com,640
shareasale.com,703
shutterstock.com,522
sindelantal.mx,700
snapchat.com,352
stackoverflow.com,318
statista.com,383
tablecheck.com,633
takeaway.com,461
techcrunch.com,320
ted.com,475
themix.org.uk,747
theverge.com,529
time.com,390
tinyurl.com,280
toasttab.com,440
tribegroup.co,807
typeform.com,237
vice.com,679
webs.com,559
whmcs.com,609
wko.at,482
yell.com,571
zend.com,588
zenfolio.com,416
